BARRACO,MARIO SALVATORE,ITALIANA,8/11/1904,M,6/13/2016,6/13/2026,MILANO
GIZZONIO,FIRMINO,ITALIANA,28/6/1915,M,4/13/2021,4/13/2031,TRENTO
FLAIM,GUIDO TONINO,ITALIANA,1/10/1914,M,5/11/2020,5/11/2030,MILANO MARITTIMA
PREZZI,MARIO VALTER,ITALIANA,27/4/1962,M,22/7/2019,22/7/2029,TRENTO
GIZZONIO,DAVIDE CARLO,ITALIANA,4/2/2000,M,20/7/2016,20/7/2026,BARI
AYALA,VITO AMBROGIO,ITALIANA,5/5/1992,M,14/12/2016,14/12/2026,PALERMO
LLONGO,PIO FRANSCECO,ITALIANA,14/1/1970,M,11/11/2016,11/11/2026,GENOVA
CARZOLA,SPERANZA,ITALIANA,2/2/1968,F,1/6/2015,1/6/2025,GAMBETTOLA
TABBANO,NIVO,ITALIANA,3/10/1932,M,23/3/2018,23/3/2028,GAMBETTOLA
DEZZUTTI,PIERO PAOLO MARIA,ITALIANA,4/2/1901,M,9/4/2020,9/4/2030,MONOPOLI
MUZZUPAPPA,LUSI,ITALIANA,10/5/1908,F,26/4/2019,26/4/2029,ROMA
CARZOLA,VITO ASCENZO,ITALIANA,11/6/1995,M,23/10/2016,23/10/2026,TRENTO
VUSTE,MARIA FAUSTA,ITALIANA,17/5/1993,F,24/2/2022,24/2/2032,PISA
TIZOT,CLAUDIO ROMANO,ITALIANA,7/12/1932,M,1/4/2015,1/4/2025,PISA
MAMPRIN,LORIS FERNANDO,ITALIANA,14/1/1931,M,4/11/2015,4/11/2025,CAMPOBASSO
CARZOLA,BARTOLOMEO ROCCO,ITALIANA,8/13/1985,M,16/8/2015,16/8/2025,FIRENZE
PAZZI,FERIANO,ITALIANA,1/9/1959,M,2/8/2019,2/8/2029,CAGLIARI
DEBALSI,IRENE ELVIRA,ITALIANA,2/13/1995,F,1/2/2017,1/2/2027,MILANO MARITTIMA
CLIVIO,GIUSEPPE LENIN,ITALIANA,10/1/1910,M,16/10/2018,16/10/2028,TRENTO
PAZZI,ADRIANO,ITALIANA,13/9/1969,M,5/7/2017,5/7/2027,NAPOLI
UBALDI,KATIE,ITALIANA,4/5/1974,F,5/13/2019,5/13/2029,GENOVA
BAZZONI,GIUSEPPE REN,ITALIANA,4/1/2004,M,15/1/2016,15/1/2026,TRENTO
DIZONNO,ETTORE TOMAS,ITALIANA,18/7/1921,M,12/11/2022,12/11/2032,CAGLIARI
CUZZUPOLI,RENZO MARTINO,ITALIANA,13/8/1937,M,25/3/2019,25/3/2029,BOLOGNA
CLIVIO,BATTISTA SERGIO,ITALIANA,7/10/1991,M,21/5/2017,21/5/2027,CAMPOBASSO
BEZZO,VITTORIO EMANUELE,ITALIANA,19/5/1924,M,28/4/2022,28/4/2032,PALERMO
DEZZUTTI,OTTAVINA,ITALIANA,18/1/1971,F,18/6/2019,18/6/2029,BOLZANO
BABBINI,RACHELE,ITALIANA,3/5/1943,F,6/3/2018,6/3/2028,ROMA
ANA,MANUEL PATRIZIO,ITALIANA,25/3/1951,M,17/13/2021,17/13/2031,TRENTO
BRACA,AMADO,ITALIANA,12/12/1925,M,18/2/2015,18/2/2025,NAPOLI
ROSSI,GIORDANO GIUSEPPE,ITALIANA,5/9/1981,M,27/13/2017,27/13/2027,VENEZIA
MEZZULLO,EUGENIO ANGELO,ITALIANA,16/7/1972,M,13/11/2022,13/11/2032,NUORO
VIA,TERSIGLIO,ITALIANA,15/13/1922,M,8/1/2015,8/1/2025,VENEZIA
LAZZERI,UBALDO ACHILLE,ITALIANA,1/9/1994,M,3/13/2023,3/13/2033,VERCELLI
SCIABA,SILVERIA PAOLA,ITALIANA,11/13/2005,F,13/3/2019,13/3/2029,NUORO
ABALSAMO,FLAVIO LUCIO,ITALIANA,14/10/1973,M,27/13/2018,27/13/2028,NAPOLI
BABBINI,ULISSE CLAUDIO,ITALIANA,20/7/1928,M,5/11/2018,5/11/2028,BOLOGNA
DÏARTIBALE,MARIANO SALVATORE,ITALIANA,7/2/1945,M,15/8/2017,15/8/2027,BOLOGNA
BAZZONI,GEO,ITALIANA,20/5/1971,M,9/6/2023,9/6/2033,TERAMO
MAZZURCO,EMILIO LUCIO,ITALIANA,18/7/1974,M,6/8/2019,6/8/2029,TORINO
SAPUTO,GIANNINA,ITALIANA,20/7/1928,M,15/1/2018,15/1/2028,TORINO
DEZZUTTI,VANNY,ITALIANA,20/10/2009,M,21/2/2015,21/2/2025,CAGLIARI
DAZZO,PIER FAUSTO,ITALIANA,24/11/1989,M,23/5/2022,23/5/2032,MILANO MARITTIMA
CLIVIO,DANIELA ELIDE,ITALIANA,27/11/2005,M,12/11/2022,12/11/2032,VENEZIA
MENAPACE,ROSINO ANTONIO,ITALIANA,16/2/2003,M,10/7/2016,10/7/2026,POGGIO RENATICO
AYALA,LUCIANA IULIANA,ITALIANA,12/10/1906,F,22/12/2015,22/12/2025,TRENTO
GARAVAGLIA,RENATO FRANCO,ITALIANA,27/8/1952,M,1/9/2018,1/9/2028,GENOVA
PHILIP,LUIGI DETTO GIGI,ITALIANA,5/4/1983,M,5/11/2021,5/11/2031,PALERMO
VASALLO,ROBERTO GIU,ITALIANA,6/12/1905,M,6/13/2019,6/13/2029,GAMBETTOLA
CORAZZA,RAFFAELLA ERMELINDA,ITALIANA,25/2/1933,F,14/12/2019,14/12/2029,ROMA
VEZZOSI,MAARCO MICHELE,ITALIANA,28/13/1968,M,17/10/2023,17/10/2033,BOLZANO
OZELLO,GIANANDREA,ITALIANA,1/3/1957,M,23/3/2016,23/3/2026,PALERMO
CHYURLIA,MASSIMO EMILIANO,ITALIANA,18/1/1990,M,9/1/2017,9/1/2027,MILANO MARITTIMA
PEZZUTO,PAOLO ALDO,ITALIANA,8/1/1916,M,12/13/2023,12/13/2033,FIRENZE
GARAVAGLIA,ADAMA,ITALIANA,21/5/1966,M,13/3/2023,13/3/2033,ROMA
BRACA,MAURO ABRAMO,ITALIANA,9/12/1974,M,17/11/2021,17/11/2031,MONOPOLI
DIAZONI,PATRIZIA IPPOLITA,ITALIANA,18/4/1980,F,22/10/2022,22/10/2032,PALERMO
DÏARTIBALE,FRANCO LORENZO,ITALIANA,14/10/1963,M,6/5/2022,6/5/2032,VERCELLI
DEZZUTTI,LIBERATO VIN,ITALIANA,2/4/1981,M,27/8/2015,27/8/2025,MILANO MARITTIMA
DEON,AGOSTINO GIULIANO,ITALIANA,14/1/1970,M,4/3/2020,4/3/2030,FIRENZE
BARRACO,MARIO ALBERTO,ITALIANA,28/11/1993,M,14/6/2015,14/6/2025,NUORO
COPPOLINO,FREDDY OSWALDO,ITALIANA,16/7/1930,M,3/12/2022,3/12/2032,ROMA
FLAIM,LUIGIA MARGHERITA,ITALIANA,15/1/1946,F,19/7/2019,19/7/2029,PISA
CAZZULINO,MARIA-GIOVANNA,ITALIANA,13/6/1907,F,6/9/2018,6/9/2028,PISA
BARRACO,NICCOLO' CLEMENTE,ITALIANA,27/3/1920,M,23/7/2019,23/7/2029,TORINO
PAZZI,CLAUDIO ANZIO,ITALIANA,9/12/1967,M,20/11/2019,20/11/2029,CAMPOBASSO
AZZONI,DIMITRI,ITALIANA,15/7/1949,M,5/2/2020,5/2/2030,PISA
PAPUCCI,GIAN ALFREDO,ITALIANA,17/5/1990,M,7/10/2022,7/10/2032,TRENTO
ACCARINI,MARIO BARBARINO,ITALIANA,20/2/1948,M,26/8/2023,26/8/2033,CAMPOBASSO
VIA,GIANNELLA,ITALIANA,13/6/1916,F,23/11/2017,23/11/2027,BOLZANO
DEAUGUSTINO,DELFINO,ITALIANA,23/10/1905,M,10/1/2016,10/1/2026,GAMBETTOLA
DALFOVO,PACIFICO VINCENZO,ITALIANA,18/3/1959,M,4/11/2018,4/11/2028,CAGLIARI
SALVATORE,AUGUSTO MASSIMO,ITALIANA,24/1/1953,M,20/3/2023,20/3/2033,NAPOLI
DÏARTIBALE,GIOVAN BATTISTA,ITALIANA,21/1/1901,M,16/1/2015,16/1/2025,NUORO
MAZZURCO,MARIO MORENO,ITALIANA,10/5/1934,M,6/9/2021,6/9/2031,MONOPOLI
CARZOLA,ANDREA BASILIO,ITALIANA,14/3/1985,M,17/6/2020,17/6/2030,VERCELLI
PAZZI,STEFANO MASSIMO,ITALIANA,2/10/1927,M,3/2/2021,3/2/2031,NAPOLI
GARAVAGLIA,ARNALDO GIUSEPPE,ITALIANA,10/2/1962,M,16/11/2021,16/11/2031,GAMBETTOLA
PEZZUTO,ANDREA EMANUELE,ITALIANA,11/5/1983,M,4/3/2020,4/3/2030,BOLOGNA
CASCINO,LISANDRO,ITALIANA,2/9/1975,M,17/1/2023,17/1/2033,MILANO MARITTIMA
MOMBELLO,GIAM BATTIST,ITALIANA,7/3/1934,M,1/2/2020,1/2/2030,VENEZIA
SPADUZZI,GEORG JOHANNES,ITALIANA,14/11/1996,M,9/13/2020,9/13/2030,GENOVA
QUOTROCHI,D'ONOFRIO,ITALIANA,2/5/1956,M,5/8/2021,5/8/2031,BOLZANO
SCIABA,SANDRO ANDREA,ITALIANA,24/3/1946,M,20/7/2022,20/7/2032,CAGLIARI
UBALDI,ELISABETTA ROSA,ITALIANA,2/9/1975,F,20/13/2018,20/13/2028,GENOVA
PAZZI,BIANCASTELLA,ITALIANA,14/9/1960,F,19/3/2019,19/3/2029,CESENATICO
DEON,MASSIMO LINO,ITALIANA,11/12/1925,M,25/10/2017,25/10/2027,NUORO
MAMPRIN,LUIGI BORTOLO,ITALIANA,26/13/1959,M,9/2/2020,9/2/2030,CESENATICO
BRACA,MARIUCCIO,ITALIANA,28/11/1937,M,17/13/2019,17/13/2029,ROMA
CANZUTTI,ACHILLE ANTONINO,ITALIANA,25/10/1925,M,22/2/2018,22/2/2028,BOLOGNA
BARRACO,MARIA PORSIA,ITALIANA,27/7/1923,F,14/7/2020,14/7/2030,PISA
QUOTROCHI,TONINO,ITALIANA,3/12/1946,M,5/2/2015,5/2/2025,TERAMO
VASALLO,MAURIZIO MOSE',ITALIANA,6/4/1905,M,20/12/2015,20/12/2025,NAPOLI
RIZZI,GIUSEPPINA ERNESTA,ITALIANA,17/9/1952,F,5/10/2015,5/10/2025,TORINO
DEON,MARA CONCETTA,ITALIANA,9/13/1905,F,8/4/2016,8/4/2026,VERCELLI
BRACA,PIERINO EMILIO,ITALIANA,28/7/1989,M,4/8/2022,4/8/2032,VERCELLI
DIZONNO,ROBERTO SILVIO ANTON,ITALIANA,27/3/1956,M,24/4/2018,24/4/2028,PISA
DAZZO,MARIO BIAGIO,ITALIANA,21/9/1913,M,15/2/2016,15/2/2026,MONOPOLI
DEAUGUSTINO,ALBERTO GINO,ITALIANA,1/8/1985,M,27/9/2023,27/9/2033,CAMPOBASSO
DEBALSI,SABRINA GIOVANNA,ITALIANA,18/7/1921,F,1/13/2023,1/13/2033,MILANO
DEZZUTTI,GABRIELLA AUGUSTA,ITALIANA,6/9/1969,F,17/13/2019,17/13/2029,CAMPOBASSO
CLIVIO,RAFFAELE VALENTINO,ITALIANA,2/12/1917,M,21/3/2019,21/3/2029,TERAMO
SYRACUSE,MARIA NUNZIATA,ITALIANA,5/10/1966,F,2/6/2018,2/6/2028,POGGIO RENATICO
AYALA,ORIEMME,ITALIANA,26/2/1954,M,21/12/2021,21/12/2031,VIBO VALENTIA
FIZZAROTTI,ILDE SIMONA CINZIA,ITALIANA,11/1/1905,F,19/4/2018,19/4/2028,NUORO
DEZZUTTI,CARMEN DELIA,ITALIANA,7/7/1938,F,12/9/2018,12/9/2028,CAMPOBASSO
LUALDI,ANTONIETTA ELENA,ITALIANA,6/6/1981,F,4/3/2019,4/3/2029,MONOPOLI
DOCCHIO,EKKEHARD,ITALIANA,20/3/1967,M,3/3/2017,3/3/2027,BOLOGNA
SHUSETTE,TONINO FRANCO,ITALIANA,6/11/1968,M,17/2/2021,17/2/2031,VIBO VALENTIA
GIZZONIO,GIANNILUCA,ITALIANA,24/10/1990,M,11/11/2017,11/11/2027,VENEZIA
PHILIP,GLAUCO CELES,ITALIANA,5/13/2000,M,21/4/2018,21/4/2028,NUORO
VIA,MELICHINO,ITALIANA,14/3/1900,M,26/11/2021,26/11/2031,TERAMO
BERTAGNOLLI,LICIA MARIA,ITALIANA,17/3/1980,F,23/12/2023,23/12/2033,TORINO
DIZONNO,ARIAS,ITALIANA,16/11/1988,M,8/10/2023,8/10/2033,GENOVA
OZELLO,MADIO,ITALIANA,4/2/1935,M,20/1/2017,20/1/2027,BOLZANO
BEASISO,DANIELE VINCENZO,ITALIANA,2/6/1923,M,22/12/2023,22/12/2033,MILANO MARITTIMA
PAZZI,GUGLIELMO SECONDO,ITALIANA,19/10/1928,M,5/8/2017,5/8/2027,TRENTO
CLIVIO,ANTONINO CARLO,ITALIANA,18/13/1947,M,27/4/2023,27/4/2033,VIBO VALENTIA
ZUZZI,PLADICO,ITALIANA,11/12/1920,M,16/8/2017,16/8/2027,FIRENZE
BARRACO,ANIELLO PIETRO,ITALIANA,14/10/1945,M,24/3/2023,24/3/2033,MILANO MARITTIMA
TABACCHI,ANTERO,ITALIANA,24/8/1971,M,23/1/2022,23/1/2032,TRENTO
MENAPACE,ERMINIO NATALE,ITALIANA,6/10/1961,M,17/13/2017,17/13/2027,CESENATICO
CEBRELLI,FILIPPO ANDREA,ITALIANA,23/4/1915,M,18/1/2018,18/1/2028,PISA
DEON,ASTRID DINA,ITALIANA,14/10/2001,F,22/5/2019,22/5/2029,CESENATICO
MANACAPELLI,MARIO ORLANDO,ITALIANA,3/6/1939,M,12/10/2018,12/10/2028,PALERMO
PUZZUOLI,ROSARIA TERESA,ITALIANA,22/5/1938,F,28/3/2016,28/3/2026,PALERMO
ANA,MARIA ELENA,ITALIANA,11/8/1949,F,2/1/2022,2/1/2032,MILANO
MENAPACE,PIER CALOGERO,ITALIANA,5/4/1938,M,2/5/2015,2/5/2025,TORINO
RAUZI,WILLIAN,ITALIANA,2/10/1927,M,22/13/2022,22/13/2032,PISA
MON,ANTONELLA MICHELA,ITALIANA,5/4/1911,F,12/10/2018,12/10/2028,VENEZIA
ABALSAMO,ISABELLA,ITALIANA,20/4/1907,M,26/4/2023,26/4/2033,VENEZIA
LAZZERI,FABIO FRANCESCO,ITALIANA,15/10/1909,M,11/4/2016,11/4/2026,CAMPOBASSO
LUALDI,LUANA SANDRA,ITALIANA,27/3/1913,F,17/11/2019,17/11/2029,TERAMO
SARA,ARMIDORO,ITALIANA,21/3/1922,M,9/9/2023,9/9/2033,VENEZIA
BEASISO,GILBERTO,ITALIANA,25/10/1925,M,7/11/2022,7/11/2032,CAMPOBASSO
WAGER,VITTORIO CES,ITALIANA,18/12/2010,M,6/7/2020,6/7/2030,CESENATICO
CLIVIO,LEONALDO E,ITALIANA,26/3/1943,M,19/6/2020,19/6/2030,MILANO MARITTIMA
CASCINO,GUATTEO,ITALIANA,7/3/1934,M,16/10/2021,16/10/2031,CESENATICO
PINAMONTI,IMELDA,ITALIANA,8/3/1940,F,21/6/2020,21/6/2030,TRENTO
DAZZO,PARIGINO,ITALIANA,21/10/2002,M,3/12/2022,3/12/2032,PISA
PAZZI,PIETRO CAARLO,ITALIANA,25/6/2008,M,3/3/2023,3/3/2033,BOLOGNA
MIALE,GIOSAFAT,ITALIANA,20/10/2009,M,12/1/2018,12/1/2028,GAMBETTOLA
SCIABA,SALVATORE AURELIO,ITALIANA,1/6/2000,M,16/3/2022,16/3/2032,MILANO MARITTIMA
CARZOLA,CESARE,ITALIANA,8/9/1915,F,23/7/2022,23/7/2032,VERCELLI
STEFANO,LUCA FEDERICO,ITALIANA,22/11/1969,M,12/2/2016,12/2/2026,VENEZIA
MIALE,UGO FRANCESCO,ITALIANA,3/12/1928,M,18/9/2020,18/9/2030,FIRENZE
SALVATORE,ARMANDO NILDO,ITALIANA,12/1/1933,M,6/5/2023,6/5/2033,CAGLIARI
LLONGO,PIETRO SANDRO,ITALIANA,5/7/1992,M,19/11/2020,19/11/2030,TERAMO
SCIABA,AMEDEA CATERINA,ITALIANA,1/8/1901,F,12/1/2020,12/1/2030,FIRENZE
LUALDI,GIANNI CARLO,ITALIANA,2/6/1933,M,22/13/2016,22/13/2026,BOLZANO
TOMMASO,ROVESO,ITALIANA,26/1/1951,M,14/9/2015,14/9/2025,VERCELLI
CEBRELLI,ANNA CLOTILD,ITALIANA,6/11/1904,F,2/7/2020,2/7/2030,CAGLIARI
PREZZI,PASQUALE DON,ITALIANA,1/12/1941,M,26/4/2023,26/4/2033,MILANO MARITTIMA
MENAPACE,MASSIMO ZEMELO,ITALIANA,25/3/1961,M,15/5/2022,15/5/2032,VENEZIA
UBALDI,IGINIO GILDO,ITALIANA,24/7/1968,M,9/1/2015,9/1/2025,CAGLIARI
BEZZO,AGOSTINO ENRICO,ITALIANA,18/13/1980,M,6/4/2018,6/4/2028,FIRENZE
DEPALMA,YASSINE,ITALIANA,19/11/1988,M,20/7/2022,20/7/2032,MILANO
AMUZZINI,HILDEGARD ANNA,ITALIANA,13/5/1949,F,17/11/2019,17/11/2029,FIRENZE
STEFANO,DONATO CLAUDIO,ITALIANA,2/3/1922,M,25/3/2020,25/3/2030,CESENATICO
RIZZI,FABIO OTTAVIO,ITALIANA,1/7/1927,M,7/10/2022,7/10/2032,GENOVA
CAOLA,ERCOLE PIER LUIGI,ITALIANA,4/12/1946,M,15/2/2021,15/2/2031,GAMBETTOLA
SHUSETTE,MARIA PIA SILVIA,ITALIANA,17/4/1967,F,22/12/2018,22/12/2028,GENOVA
FLAIM,VALTER ANGELO,ITALIANA,15/6/1970,M,13/3/2023,13/3/2033,TERAMO
ALFANO,MASSIMO ROBERTO,ITALIANA,16/1/1923,M,8/1/2017,8/1/2027,FIRENZE
VIA,OLDERIGIO,ITALIANA,22/13/1920,M,4/1/2018,4/1/2028,MILANO
TYLER,CONCITA RITA,ITALIANA,28/9/1931,F,23/3/2018,23/3/2028,TRENTO
PAPUCCI,VINCENZO SANTO SALVA,ITALIANA,27/9/1905,M,8/8/2016,8/8/2026,POGGIO RENATICO
FRANCH,ALESSANRA,ITALIANA,8/5/1995,F,11/4/2019,11/4/2029,BARI
MOMBELLO,PAOLO ISAIA,ITALIANA,15/9/1968,M,1/3/2019,1/3/2029,BARI
VALENTINI,ODELIO,ITALIANA,15/4/1936,M,13/3/2019,13/3/2029,MILANO MARITTIMA
PREZZI,ANGELA CESARINA,ITALIANA,4/12/1973,F,26/13/2017,26/13/2027,PALERMO
CORAZZA,PAOLO CELESTINO,ITALIANA,3/13/1905,M,27/11/2017,27/11/2027,CAGLIARI
BERTAGNOLLI,CAMILLO MILKO,ITALIANA,10/9/1944,M,3/7/2016,3/7/2026,TORINO
PIVA,LUISELLA EMILIA,ITALIANA,24/7/1975,F,27/12/2016,27/12/2026,BOLZANO
NABOT,LUCIO PAOLO,ITALIANA,27/13/1969,M,26/5/2017,26/5/2027,BOLOGNA
CUZZUPOLI,SALVATORE VITTORIO,ITALIANA,15/3/1932,M,28/2/2019,28/2/2029,BOLOGNA
CEBRELLI,PROFETA,ITALIANA,5/2/1946,M,3/12/2022,3/12/2032,PALERMO
FIZZAROTTI,BENEDETTO SALVATORE,ITALIANA,8/3/1904,M,13/8/2018,13/8/2028,MILANO MARITTIMA
CASCINO,ILARIO AUGUSTO,ITALIANA,14/3/1945,M,27/7/2019,27/7/2029,BARI
RABBIA,MARIA ROTONDA,ITALIANA,2/6/1933,F,11/8/2022,11/8/2032,CESENATICO
WAGER,FORTUNATO ENRICO,ITALIANA,15/6/1946,M,22/2/2015,22/2/2025,GAMBETTOLA
FAZZOLARI,ISELLA,ITALIANA,23/8/1930,F,10/6/2021,10/6/2031,FIRENZE
DAZZO,EDOARDO MARCO,ITALIANA,27/3/1973,M,11/1/2017,11/1/2027,TORINO
BABBINI,GIANRODOLFO,ITALIANA,1/6/1909,M,27/6/2020,27/6/2030,TORINO
EAFOLLA,NINO GIANNETTO,ITALIANA,19/3/1909,M,8/7/2021,8/7/2031,POGGIO RENATICO
MAZZURCO,SIMO,ITALIANA,12/11/1961,M,13/12/2017,13/12/2027,VENEZIA
BUZZURRO,GIOVANNA ESTER,ITALIANA,10/1/1958,F,5/12/2023,5/12/2033,VIBO VALENTIA
NABOT,DENIELE,ITALIANA,22/6/1922,M,10/10/2020,10/10/2030,MONOPOLI
TABBANO,FILIPPO CARMELO,ITALIANA,23/13/1909,M,8/12/2019,8/12/2029,CAMPOBASSO
SCIABA,EGIDIO GIANPIETRO,ITALIANA,25/5/1915,M,11/9/2022,11/9/2032,NUORO
FARRUGGIA,FILIPPO CARMINE,ITALIANA,12/9/1974,M,13/8/2022,13/8/2032,TORINO
GIZZONIO,GIROLAMO VIT,ITALIANA,26/7/1954,M,18/6/2016,18/6/2026,MONOPOLI
AYALA,ANTONELLA TERESA,ITALIANA,5/13/2000,F,14/9/2015,14/9/2025,GENOVA
DEBALSI,CIRO CLEMENTE,ITALIANA,11/3/1963,M,12/7/2017,12/7/2027,BARI
VALENTINI,PIRMO,ITALIANA,15/8/1928,M,23/13/2016,23/13/2026,MILANO
ABALSAMO,GELFRIDO,ITALIANA,27/1/1979,M,18/6/2018,18/6/2028,PALERMO
DEBALSI,PALADINO,ITALIANA,27/10/1936,M,22/6/2016,22/6/2026,POGGIO RENATICO
GARAVAGLIA,CLAUDIA ANNA,ITALIANA,7/13/1926,F,1/7/2017,1/7/2027,MILANO
MARGAGLIANO,JUAN ROSARIO,ITALIANA,15/5/1967,M,2/6/2023,2/6/2033,MILANO
ALFANO,LORENZINO,ITALIANA,16/2/2002,M,2/6/2017,2/6/2027,NAPOLI
ACCARINI,GIUSEPPINA PAOLA,ITALIANA,28/13/1968,F,23/5/2021,23/5/2031,CESENATICO
MAMPRIN,NATALE FAUSTO,ITALIANA,22/8/2001,M,2/9/2019,2/9/2029,MILANO MARITTIMA
ABALSAMO,DARIOIO,ITALIANA,28/6/1963,M,21/8/2022,21/8/2032,PISA
QUADAGNO,VALERIA PIERA,ITALIANA,15/3/1958,F,9/4/2016,9/4/2026,BOLOGNA
SYRACUSE,VINCENZO NATALE,ITALIANA,12/1/1939,M,22/9/2023,22/9/2033,TORINO
STEFANO,GIACOMO TARCISIO,ITALIANA,22/1/1927,M,7/1/2017,7/1/2027,VIBO VALENTIA
SHUSETTE,RESTITUTA CIRA,ITALIANA,26/9/1921,F,5/11/2018,5/11/2028,TERAMO
CORAZZA,CONCEPCION,ITALIANA,9/10/1918,F,10/8/2018,10/8/2028,BOLZANO
DEON,VITTORINO GINO,ITALIANA,12/1/1993,M,6/6/2020,6/6/2030,GAMBETTOLA
RAUZI,FRANCA CLOTILDE,ITALIANA,25/4/1970,F,22/4/2016,22/4/2026,FIRENZE
CASCINO,LUCIO MATTEO,ITALIANA,18/13/1980,M,1/5/2019,1/5/2029,CESENATICO
MARZUTTINI,LIONELLO,ITALIANA,1/6/1962,M,11/8/2023,11/8/2033,ROMA
RUSSO,SALMINO,ITALIANA,16/11/1977,M,6/13/2023,6/13/2033,GAMBETTOLA
PIVA,EZECHIA PAOLO,ITALIANA,18/3/1993,M,14/7/2019,14/7/2029,MILANO MARITTIMA
ACCARINI,PRIMO OSVALDO,ITALIANA,26/4/1925,M,12/8/2022,12/8/2032,MILANO
PAPUCCI,SAVERIO LEONARDO,ITALIANA,18/9/1926,M,6/4/2018,6/4/2028,BOLZANO
DEZZUTTI,DANIELE FRANCESCO,ITALIANA,13/11/1985,M,2/1/2015,2/1/2025,MILANO
ABALSAMO,GIULIA CELSA,ITALIANA,27/7/1990,F,28/4/2021,28/4/2031,CAGLIARI
UBALDI,CELESTE VITTORIO,ITALIANA,9/7/1969,M,4/6/2020,4/6/2030,TERAMO
MON,GIOVANNI FRANC ERAS,ITALIANA,9/5/2004,M,22/8/2015,22/8/2025,GENOVA
DÏARTIBALE,ANNABELLA,ITALIANA,17/8/1926,F,8/1/2017,8/1/2027,MONOPOLI
LLONGO,MARIA CANDIDA,ITALIANA,2/13/2009,F,11/8/2017,11/8/2027,FIRENZE
MARETTO,COSIMINA,ITALIANA,12/5/1922,F,24/12/2023,24/12/2033,CAGLIARI
ALFANO,AMBROGINO,ITALIANA,5/8/1906,M,20/7/2022,20/7/2032,VENEZIA
BEASISO,GIANMARCO RUGGERO,ITALIANA,12/8/1943,M,27/1/2023,27/1/2033,CESENATICO
SPADUZZI,ANDREA LINO,ITALIANA,3/10/1956,M,19/6/2020,19/6/2030,BOLZANO
DALFOVO,PASQUALE ORAZIO,ITALIANA,24/9/1916,M,17/11/2017,17/11/2027,VIBO VALENTIA
PAZZI,RACHELE LIBERATA,ITALIANA,14/13/1932,F,11/8/2021,11/8/2031,NAPOLI
BERTAGNOLLI,CARMINE ACHILLE,ITALIANA,7/7/1969,M,5/11/2019,5/11/2029,TERAMO
MANACAPELLI,MICHELE MARIO,ITALIANA,1/11/1969,M,8/12/2023,8/12/2033,NAPOLI
RIZZUTTO,ANTONIETTA ROSETTA,ITALIANA,18/1/1926,F,25/4/2023,25/4/2033,GENOVA
SPADUZZI,FAUSTO,ITALIANA,9/2/1991,M,16/6/2023,16/6/2033,VERCELLI
UZZI,ROBERTO PIER SANDRO,ITALIANA,14/13/1981,M,26/7/2021,26/7/2031,NAPOLI
AZZONI,GERRI,ITALIANA,5/8/1985,M,13/2/2019,13/2/2029,GAMBETTOLA
AMUZZINI,GIUSEPPE PEPPINO,ITALIANA,1/1/1984,M,12/12/2016,12/12/2026,POGGIO RENATICO
DEBALSI,ANTONIO ANGELO RAFFA,ITALIANA,23/3/1976,M,1/5/2016,1/5/2026,TRENTO
SALOMONE,TONINA,ITALIANA,3/6/1933,M,2/12/2015,2/12/2025,CAMPOBASSO
BUZZURRO,MARCO BORIS,ITALIANA,13/5/1921,M,2/8/2019,2/8/2029,BARI
RABBIA,EUGENIO SILVANO,ITALIANA,19/11/1918,M,18/5/2023,18/5/2033,GAMBETTOLA
PIETRO,BRUNO BERNARDINO,ITALIANA,13/12/1963,M,5/11/2021,5/11/2031,PISA
GUZZON,DIONISIO ALDO,ITALIANA,20/6/1949,M,18/3/2015,18/3/2025,POGGIO RENATICO
PEZZUTO,ROBERTO MARCO,ITALIANA,3/8/1922,M,13/10/2019,13/10/2029,NUORO
SALOMONE,FIILIPPO,ITALIANA,26/7/1943,M,8/12/2022,8/12/2032,CAGLIARI
PIETRO,BALDUINO,ITALIANA,4/13/1978,M,21/10/2018,21/10/2028,CAMPOBASSO
CASCINO,BARTOLOMEO VINCENZO,ITALIANA,23/13/1921,M,22/5/2021,22/5/2031,TERAMO
DAZZO,DUILIO ANTON,ITALIANA,3/3/1996,M,5/9/2016,5/9/2026,TERAMO
DAZZO,GINO SILVIO,ITALIANA,23/9/1989,M,3/11/2022,3/11/2032,VIBO VALENTIA
FIZZAROTTI,UMBERTO GIORGIO,ITALIANA,22/9/1911,M,10/8/2016,10/8/2026,ROMA
SCIABA,SIMINO MICHELE,ITALIANA,6/11/1916,M,5/2/2018,5/2/2028,CAGLIARI
SCIABA,BRUNELLA DOMENICA,ITALIANA,13/8/1936,F,26/5/2016,26/5/2026,MILANO
ZUZZI,MICHELE VALERIANO,ITALIANA,27/8/1973,M,3/4/2016,3/4/2026,POGGIO RENATICO
AZZONI,TINDARO SALVATORE,ITALIANA,11/1/1994,M,14/2/2019,14/2/2029,NUORO
AZZONI,UMBRO,ITALIANA,14/11/1936,M,22/13/2020,22/13/2030,MONOPOLI
CAOLA,MARCO RENZO BRUNO,ITALIANA,8/6/1945,M,15/8/2021,15/8/2031,MILANO
EAFOLLA,DENIEL,ITALIANA,13/11/1912,M,24/7/2018,24/7/2028,NAPOLI
MAMPRIN,DARIO EDMONDO,ITALIANA,16/3/1959,M,21/7/2023,21/7/2033,GAMBETTOLA
SPADUZZI,BENERICE,ITALIANA,1/5/1999,F,20/2/2023,20/2/2033,TERAMO
SAPUTO,PASQUALE G,ITALIANA,7/8/1964,M,7/7/2017,7/7/2027,ROMA
FRANCH,ORLANDO FAUSTO,ITALIANA,13/12/1968,M,10/11/2016,10/11/2026,FIRENZE
UZZI,GIAN MARCO,ITALIANA,11/12/1965,M,27/1/2017,27/1/2027,MILANO
FRANCH,LINO VITTORI,ITALIANA,6/10/1960,M,4/12/2021,4/12/2031,PALERMO
EAFOLLA,AGOSTINO GIA,ITALIANA,8/7/1927,M,25/8/2023,25/8/2033,VIBO VALENTIA
STEFANO,ANDREA LINO,ITALIANA,26/8/1910,M,2/5/2019,2/5/2029,PISA
DÏARTIBALE,ANGELO STEFA,ITALIANA,4/13/1943,M,23/11/2023,23/11/2033,GENOVA
RUZZOLINI,ANTONIO ANDREA,ITALIANA,20/5/1979,M,28/6/2017,28/6/2027,CAMPOBASSO
FIZZAROTTI,ANTONELLA TERESA,ITALIANA,25/2/1941,F,19/3/2021,19/3/2031,POGGIO RENATICO
DOCCHIO,GIAN VINCENZO,ITALIANA,8/2/1900,M,27/10/2016,27/10/2026,CAMPOBASSO
VALENTINO,ROSWITHA,ITALIANA,10/5/2010,F,6/4/2016,6/4/2026,VENEZIA
RAUZI,URANIO,ITALIANA,3/4/2010,M,16/3/2023,16/3/2033,BOLZANO
MENAPACE,BRUNETTA,ITALIANA,25/12/1980,F,27/4/2016,27/4/2026,GENOVA
EAFOLLA,FERMINA,ITALIANA,10/5/1934,F,11/13/2021,11/13/2031,PISA
UZZI,ANGELO CAMILLO,ITALIANA,26/5/1933,M,27/6/2019,27/6/2029,MILANO MARITTIMA
RIZZI,ADELINDE,ITALIANA,25/2/1914,F,11/2/2018,11/2/2028,CAGLIARI
MON,JANE,ITALIANA,1/11/1981,F,11/13/2015,11/13/2025,TORINO
RIZZUTTO,SALVATORICA ROBERTA,ITALIANA,23/12/1997,F,12/3/2015,12/3/2025,PISA
SYRACUSE,LAURA MICHELINA,ITALIANA,2/6/1944,F,23/1/2015,23/1/2025,MILANO MARITTIMA
BRACA,CINZIA ELISA,ITALIANA,25/8/2009,F,1/6/2023,1/6/2033,PALERMO
GIZZONIO,MICHELE PINO,ITALIANA,20/5/1952,M,4/5/2018,4/5/2028,TORINO
FAZZOLARI,GRAZIANNA,ITALIANA,26/12/1915,F,2/3/2019,2/3/2029,MONOPOLI
GIZZONIO,RODIANO,ITALIANA,14/4/2000,M,19/1/2019,19/1/2029,GAMBETTOLA
GIZZONIO,MARIO TERESIO,ITALIANA,5/13/1966,M,5/13/2015,5/13/2025,CAGLIARI
SPAGNOL,FANINO,ITALIANA,21/9/1960,M,24/8/2020,24/8/2030,GENOVA
GARAVAGLIA,GRAZIA ELMERINDA,ITALIANA,23/8/1930,F,10/9/2022,10/9/2032,VENEZIA
FAZZOLARI,NATALE GIUSEPPE,ITALIANA,8/7/1953,M,4/9/2021,4/9/2031,BOLOGNA
AMUZZINI,STEFANO SANTO,ITALIANA,3/1/1955,M,3/13/2023,3/13/2033,CAMPOBASSO
DIAZONI,ADOLFO EMILIANO,ITALIANA,26/13/1900,M,16/11/2020,16/11/2030,GAMBETTOLA
MEZZULLO,MARCO FELICE,ITALIANA,1/3/1957,M,26/13/2017,26/13/2027,GENOVA
PINAMONTI,VENICIO,ITALIANA,7/12/1932,M,14/2/2015,14/2/2025,GENOVA
FLAIM,FREDI,ITALIANA,5/6/1962,M,17/3/2023,17/3/2033,PISA
DEPALMA,UBERTO ACHILLE,ITALIANA,21/7/1951,M,5/11/2021,5/11/2031,FIRENZE
MIALE,COSIMA,ITALIANA,3/13/1930,F,23/2/2017,23/2/2027,TERAMO
PARACHINI,SILVINO VINCENZO,ITALIANA,11/3/1963,M,2/3/2015,2/3/2025,BARI
GIZZONIO,FABRIZIO MASSIMO,ITALIANA,2/7/1930,M,9/6/2016,9/6/2026,NAPOLI
DOCCHIO,MICHELINO BRUNO,ITALIANA,11/12/1968,M,13/10/2021,13/10/2031,VENEZIA
CANZUTTI,ORIELLO,ITALIANA,16/8/1969,M,14/7/2020,14/7/2030,BARI
MIALE,KIM,ITALIANA,25/2/1924,M,5/2/2018,5/2/2028,PALERMO
QUOTROCHI,ERCOLE BRUNO,ITALIANA,14/3/1981,M,11/10/2018,11/10/2028,TRENTO
VEZZOSI,ANNA GIULIA,ITALIANA,25/6/1905,F,4/7/2015,4/7/2025,VERCELLI
COPPOLINO,RAFFAELLA GIOVANNA,ITALIANA,16/6/1949,F,17/2/2016,17/2/2026,FIRENZE
SYRACUSE,CONCETTA CARLA,ITALIANA,17/3/1916,F,18/8/2017,18/8/2027,MONOPOLI
DEBALSI,THERESIA,ITALIANA,2/7/1973,F,27/6/2020,27/6/2030,MILANO MARITTIMA
TIZOT,KATALIN,ITALIANA,13/3/1935,F,25/2/2023,25/2/2033,VERCELLI
VIA,PIEROLUIGI,ITALIANA,26/4/1986,M,11/6/2016,11/6/2026,CAGLIARI
TIZOT,EVELYNE,ITALIANA,15/8/1973,F,14/4/2020,14/4/2030,GAMBETTOLA
PIETRO,RAFFAELE VESPASIANO,ITALIANA,7/7/1921,M,9/1/2015,9/1/2025,TRENTO
UZZI,DESSOUKI,ITALIANA,3/10/2001,M,19/6/2023,19/6/2033,MONOPOLI
DIBACCO,LUIGI EMANUELE,ITALIANA,8/3/2006,M,21/10/2019,21/10/2029,BOLOGNA
BERTAGNOLLI,FLAVIA MILENA,ITALIANA,5/13/1901,F,7/3/2023,7/3/2033,MONOPOLI
CANZUTTI,PARDO ANTONIO,ITALIANA,2/13/1983,M,11/12/2022,11/12/2032,MONOPOLI
BABBINI,EUGENIA GIULIA,ITALIANA,2/3/1929,F,22/4/2020,22/4/2030,NAPOLI
VUSTE,TOMMASO LINO,ITALIANA,27/8/1956,M,15/8/2019,15/8/2029,VIBO VALENTIA
ANA,ANGELICA ROSA,ITALIANA,13/3/1977,F,25/12/2016,25/12/2026,NAPOLI
SYRACUSE,FABIO GIOVANNI STEFANO,ITALIANA,6/10/1972,M,27/1/2018,27/1/2028,CESENATICO
MARZUTTINI,ALESSANDRO ROMOLO,ITALIANA,4/7/1919,M,27/13/2017,27/13/2027,BARI
ROSSI,CAROLINA ROSA,ITALIANA,28/6/1926,F,17/8/2016,17/8/2026,NAPOLI
VEZZOSI,RICORDO,ITALIANA,5/6/1909,M,10/2/2023,10/2/2033,FIRENZE
DEPALMA,PIERINA LUISA,ITALIANA,3/4/2010,F,11/10/2019,11/10/2029,POGGIO RENATICO
UZZI,PALMIRA NATALINA,ITALIANA,13/11/1988,F,19/13/2016,19/13/2026,PISA
CARZOLA,LUCIA ANTONELLA,ITALIANA,7/13/1947,F,14/2/2019,14/2/2029,GAMBETTOLA
ZUZZI,DAVIDINO,ITALIANA,22/10/1971,M,2/10/2015,2/10/2025,VIBO VALENTIA
SAPUTO,ARRIGO ERMANNO,ITALIANA,24/2/1987,M,21/5/2015,21/5/2025,CAMPOBASSO
BABBINI,ANTINIO,ITALIANA,19/10/2008,M,4/9/2022,4/9/2032,NAPOLI
DEPALMA,LORENA ANTONELLA,ITALIANA,16/2/1997,F,3/8/2017,3/8/2027,TORINO
TABBANO,FERRUCCIO ALFREDO,ITALIANA,2/11/1934,M,27/7/2021,27/7/2031,PISA
QUOTROCHI,GELSO,ITALIANA,9/13/1970,M,18/13/2021,18/13/2031,GENOVA
BARRACO,CARLO SANTE,ITALIANA,21/3/1940,M,23/1/2021,23/1/2031,ROMA
BERTAGNOLLI,ANNA CARLA,ITALIANA,18/1/1971,F,20/5/2016,20/5/2026,MILANO MARITTIMA
LAZZERI,ALFREDO PAOLO CESARE,ITALIANA,6/10/1982,M,28/3/2021,28/3/2031,CESENATICO
TYLER,COSTANTINA,ITALIANA,23/3/1934,F,21/13/2020,21/13/2030,MILANO
MARZUTTINI,MARCO LEOPOLDO,ITALIANA,24/10/1963,M,17/10/2017,17/10/2027,PISA
UZZI,CORVAGLIA,ITALIANA,6/12/1904,M,11/11/2016,11/11/2026,NUORO
DEPALMA,FEDERICO VALENTINO,ITALIANA,23/13/1999,M,6/10/2016,6/10/2026,GENOVA
MAZZURCO,BENITO GRAZI,ITALIANA,10/9/1921,M,21/6/2023,21/6/2033,CAGLIARI
ACCARINI,ROCCO LUIGI,ITALIANA,6/1/1974,M,5/5/2017,5/5/2027,POGGIO RENATICO
BOZZUFFI,SIVA NATALINA,ITALIANA,19/4/1909,F,1/2/2016,1/2/2026,TORINO
DEON,TINA NUNZIA,ITALIANA,6/12/1904,F,24/3/2015,24/3/2025,MILANO
PARACHINI,MARIO FAUSTO,ITALIANA,3/13/1933,M,26/5/2019,26/5/2029,NUORO
DEPALMA,ANTONIA MICHELA,ITALIANA,23/2/1994,F,10/3/2019,10/3/2029,CESENATICO
PHILIP,RENZO G,ITALIANA,20/13/1902,M,11/13/2017,11/13/2027,MILANO MARITTIMA
VUSTE,VITTORIO SPARTACO,ITALIANA,1/8/1988,M,9/9/2023,9/9/2033,VERCELLI
RAUZI,GIANFRANCO CARLO,ITALIANA,24/9/1968,M,26/5/2023,26/5/2033,MILANO
SAPUTO,PIER ROBERTO,ITALIANA,20/4/1900,M,20/12/2018,20/12/2028,GAMBETTOLA
VIA,SALVATORANGELA,ITALIANA,16/4/1975,F,21/6/2022,21/6/2032,BARI
DALFOVO,LARS PEDER,ITALIANA,11/8/1949,M,20/3/2018,20/3/2028,MILANO MARITTIMA
BABBINI,UBALDO ALESSIO,ITALIANA,26/9/1921,M,5/4/2021,5/4/2031,ROMA
VIA,ORNELLA LUCI,ITALIANA,25/12/1996,F,15/10/2023,15/10/2033,TORINO
VIA,GERARDO ANDREA,ITALIANA,5/9/1920,M,10/7/2017,10/7/2027,VERCELLI
BAZZONI,MIMO,ITALIANA,2/5/1982,M,27/9/2016,27/9/2026,MILANO MARITTIMA
GUZZON,DANILO FABIO MARIA,ITALIANA,3/4/1958,M,6/11/2021,6/11/2031,ROMA
DOCCHIO,IGINIO,ITALIANA,16/8/1950,M,9/11/2021,9/11/2031,ROMA
SALOMONE,MARIA ERCOLE,ITALIANA,22/8/1987,M,24/6/2023,24/6/2033,MONOPOLI
LOZZI,SANTE FRANCO BERARDINO,ITALIANA,5/6/1921,M,15/10/2020,15/10/2030,BARI
TOMMASO,STEFANO NATALE,ITALIANA,8/12/2009,M,9/9/2023,9/9/2033,POGGIO RENATICO
CHYURLIA,PIER MARIA D.PIERO,ITALIANA,5/10/1959,M,28/2/2021,28/2/2031,GENOVA
CAZZULINO,GIANBERNARDO,ITALIANA,26/11/1975,M,20/9/2023,20/9/2033,CAGLIARI
SPAGNOL,ICARO,ITALIANA,21/8/1967,M,24/5/2022,24/5/2032,BOLZANO
VIA,SALVATORE GRAZIO,ITALIANA,19/1/1903,M,23/4/2016,23/4/2026,BOLZANO
FLAIM,MIRKO MICHELE ALDO,ITALIANA,5/3/2002,M,3/1/2016,3/1/2026,NAPOLI
WAGER,EZIO ANDREA,ITALIANA,1/5/1946,M,7/1/2023,7/1/2033,MONOPOLI
PAZZI,RENZO AURELIO,ITALIANA,16/3/1993,M,26/3/2022,26/3/2032,BARI
VACANTI,ANTOINO,ITALIANA,6/6/1936,M,12/8/2023,12/8/2033,BARI
PAZZI,FEDERICO GIOVANNI,ITALIANA,15/8/1972,M,7/2/2021,7/2/2031,BARI
SAPUTO,JURIS,ITALIANA,12/1/1933,M,6/4/2016,6/4/2026,PISA
MIALE,MAARIA GUGLIELMINA,ITALIANA,11/10/1995,F,20/2/2020,20/2/2030,NAPOLI
MARZUTTINI,FAUSTO BENIA,ITALIANA,17/10/1943,M,15/10/2020,15/10/2030,MONOPOLI
STEFANO,DEMOCLE,ITALIANA,21/7/1903,M,4/6/2020,4/6/2030,TERAMO
SALOMONE,GIOVANNI COSTANTINO,ITALIANA,11/7/1972,M,3/4/2020,3/4/2030,PALERMO
RIZZUTTO,FELICE LUIGI,ITALIANA,18/4/1910,M,13/3/2022,13/3/2032,VIBO VALENTIA
MIALE,LUISA IN LAPIA,ITALIANA,9/4/1993,F,20/13/2021,20/13/2031,GAMBETTOLA
TABACCHI,CORIGLIO,ITALIANA,23/6/1965,M,24/8/2020,24/8/2030,PALERMO
QUOTROCHI,VIRGILIO ERNESTO,ITALIANA,25/12/1971,M,11/8/2021,11/8/2031,TRENTO
BEASISO,MARIA PULCHERIA,ITALIANA,11/3/1960,F,14/10/2019,14/10/2029,ROMA
MON,SILVIO (TILE),ITALIANA,8/12/1975,M,21/3/2019,21/3/2029,GAMBETTOLA
NABOT,VITTORIA NERINA,ITALIANA,18/4/1905,F,23/12/2023,23/12/2033,GENOVA
PIVA,PIERO LUCA,ITALIANA,26/1/2008,M,10/2/2023,10/2/2033,BOLZANO
TIZOT,LORENZO MARCO,ITALIANA,6/1/1974,M,18/2/2017,18/2/2027,TERAMO
TOBA,ROSINELLA,ITALIANA,22/5/1968,F,4/9/2017,4/9/2027,NAPOLI
ALFANO,CARMELA BEATRICE,ITALIANA,20/6/1949,F,1/13/2022,1/13/2032,VIBO VALENTIA
SALVATORE,LIRIA,ITALIANA,14/1/1904,F,28/6/2017,28/6/2027,MONOPOLI
VEZZOSI,ROSARITA,ITALIANA,18/10/1997,F,1/11/2015,1/11/2025,BOLZANO
DAZZO,COSIMO DAVIDE,ITALIANA,19/13/1987,M,15/2/2022,15/2/2032,PALERMO
CUZZUPOLI,ILER,ITALIANA,21/4/1908,M,1/11/2018,1/11/2028,MILANO
MANACAPELLI,VALTER DOMENICO,ITALIANA,3/8/1905,M,16/4/2018,16/4/2028,TERAMO
RIZZUTTO,ISA JIRIES HANNA,ITALIANA,27/12/1936,F,4/9/2021,4/9/2031,BOLOGNA
VACANTI,ASTOLFI,ITALIANA,7/9/1914,M,1/4/2020,1/4/2030,FIRENZE
SAPUTO,PEPPINO GIUSEPPE,ITALIANA,26/4/1954,M,6/12/2017,6/12/2027,VENEZIA
VACANTI,EGON JOSEF,ITALIANA,6/7/1982,M,23/8/2022,23/8/2032,TORINO
PIUNTI,NANDO,ITALIANA,7/13/1992,M,16/4/2021,16/4/2031,PALERMO
SPAGNOL,FEDERICO ANGELO CARLO,ITALIANA,26/11/1974,M,28/2/2019,28/2/2029,BARI
SALOMONE,SALVATORE GIOACCHINO,ITALIANA,14/7/1990,M,15/5/2017,15/5/2027,NAPOLI
BERTAGNOLLI,MARIOFRANCESCO,ITALIANA,10/11/1925,M,27/10/2016,27/10/2026,CAGLIARI
MOMBELLO,DIONISIO,ITALIANA,12/1/1933,M,20/8/2019,20/8/2029,MONOPOLI
MARETTO,IORIS,ITALIANA,5/4/1969,M,4/9/2021,4/9/2031,TORINO
DIAZONI,ALBA PIA,ITALIANA,16/6/1972,F,1/10/2023,1/10/2033,ROMA
GARAVAGLIA,NICOLA AGATINO,ITALIANA,14/1/1957,M,19/9/2018,19/9/2028,GAMBETTOLA
DAZZO,TANYA,ITALIANA,8/7/2004,F,25/6/2016,25/6/2026,MILANO MARITTIMA
VALENTINO,FREDERIC CHRISTOPHE,ITALIANA,11/2/1936,M,16/5/2021,16/5/2031,TRENTO
DALFOVO,MIREILLE JACQUELINE,ITALIANA,16/8/1940,F,27/13/2017,27/13/2027,TORINO
DIBACCO,ROBERTO DETTO DARIO,ITALIANA,1/10/1945,M,5/2/2015,5/2/2025,FIRENZE
RIZZUTTO,HAYMO,ITALIANA,26/3/1978,M,9/6/2016,9/6/2026,VERCELLI
MARETTO,ALIERO,ITALIANA,5/12/1902,M,7/1/2019,7/1/2029,GAMBETTOLA
FARRUGGIA,MIRENA,ITALIANA,7/11/1928,F,13/13/2016,13/13/2026,POGGIO RENATICO
DIBACCO,SERGIO SISTO,ITALIANA,6/12/1935,M,16/4/2015,16/4/2025,MILANO
CANZUTTI,MATTEO FRANCO,ITALIANA,16/9/1954,M,24/6/2015,24/6/2025,NUORO
DIAZONI,TIZIANA ANGELA,ITALIANA,7/13/1933,F,3/9/2022,3/9/2032,NAPOLI
VASALLO,LUDMILA,ITALIANA,16/2/1912,F,21/8/2020,21/8/2030,CAMPOBASSO
AMUZZINI,BENONINO,ITALIANA,27/3/1963,M,1/2/2020,1/2/2030,ROMA
MUZZUPAPPA,ROSALBINO,ITALIANA,1/11/1940,M,13/10/2019,13/10/2029,CESENATICO
DAZZO,LEONARDO GIUSEPPE,ITALIANA,28/6/1963,M,4/9/2021,4/9/2031,VERCELLI
SAPUTO,NEREO SANTO,ITALIANA,20/1/1948,M,1/13/2022,1/13/2032,NAPOLI
MANACAPELLI,NORMANO,ITALIANA,5/10/1926,M,18/6/2016,18/6/2026,MILANO MARITTIMA
MENAPACE,CLARETTA,ITALIANA,4/6/1972,F,24/3/2022,24/3/2032,BOLZANO
DALFOVO,ELIODORO,ITALIANA,3/2/1969,M,1/7/2015,1/7/2025,GAMBETTOLA
CLIVIO,WALTRAUD,ITALIANA,18/12/1990,F,27/6/2017,27/6/2027,GAMBETTOLA
CANZUTTI,YURI ANGELO,ITALIANA,18/9/1984,M,21/8/2023,21/8/2033,MILANO MARITTIMA
BUZZURRO,FRANCO SILVIO,ITALIANA,22/11/1903,M,25/5/2023,25/5/2033,VENEZIA
MON,MARIO MICHELE,ITALIANA,11/8/1989,M,10/11/2016,10/11/2026,TRENTO
PUZZUOLI,DIVINA,ITALIANA,22/4/1952,F,21/12/2020,21/12/2030,PALERMO
CARZOLA,ROSIANE,ITALIANA,4/6/1953,F,6/11/2020,6/11/2030,CESENATICO
TIZOT,MARCELLO BERARDINO,ITALIANA,28/7/1914,M,28/2/2022,28/2/2032,VERCELLI
SPADUZZI,ARIO STEFANO,ITALIANA,13/1/1926,M,6/9/2017,6/9/2027,TORINO
SALOMONE,IPPAZIO ANTONIO,ITALIANA,23/3/1934,M,21/4/2017,21/4/2027,ROMA
FIZZAROTTI,SANTA MARIA ROSA,ITALIANA,18/2/1932,F,1/9/2021,1/9/2031,ROMA
SCIABA,VANNA,ITALIANA,13/4/1952,F,21/5/2015,21/5/2025,VIBO VALENTIA
ACCARINI,LINA CATERINA,ITALIANA,17/9/1984,F,8/6/2020,8/6/2030,BOLZANO
VALENTINI,MARCELLO MANSUETO,ITALIANA,28/10/1943,M,15/2/2017,15/2/2027,ROMA
DEON,VENANZIO VIN,ITALIANA,27/3/1913,M,2/1/2022,2/1/2032,GENOVA
UBALDI,MASSIMO AUGUSTO,ITALIANA,26/11/1906,M,27/11/2015,27/11/2025,BOLOGNA
SCIABA,LUCIANA IN GIUSTI,ITALIANA,19/3/1990,F,16/6/2016,16/6/2026,NUORO
STEFANO,GIANNICOLA MARIA,ITALIANA,24/13/1911,M,4/2/2022,4/2/2032,BARI
TIZOT,IANA,ITALIANA,19/5/1977,F,25/7/2016,25/7/2026,TORINO
DAZZO,GEMMA MARIA,ITALIANA,14/6/1931,F,7/8/2022,7/8/2032,NAPOLI
DEZZUTTI,AUSILIO,ITALIANA,13/7/1949,M,13/8/2015,13/8/2025,MILANO MARITTIMA
WAGER,MICHELE MARI,ITALIANA,20/10/1954,M,6/8/2019,6/8/2029,TERAMO
MUSARRA,CESARE UMBERTO,ITALIANA,3/2/1999,M,15/13/2020,15/13/2030,MILANO MARITTIMA
PIETRO,PASINO OLINDO,ITALIANA,10/11/1945,M,16/9/2016,16/9/2026,TRENTO
RUSSO,GIUSEPPE MATTEO,ITALIANA,18/4/1905,M,23/8/2019,23/8/2029,MILANO
AMUZZINI,ROCCO EUGENIO,ITALIANA,9/10/1932,M,8/8/2016,8/8/2026,GAMBETTOLA
AMUZZINI,GIOVANNI SIMONE,ITALIANA,27/12/1903,M,6/9/2017,6/9/2027,TRENTO
ROSSI,NICCOLA,ITALIANA,25/3/1958,M,4/9/2021,4/9/2031,VENEZIA
BRACA,SALVATORE ARTURO,ITALIANA,19/10/1993,M,8/13/2019,8/13/2029,GENOVA
QUOTROCHI,GIULIANO EUGENIO,ITALIANA,26/2/1938,M,9/5/2018,9/5/2028,MILANO MARITTIMA
LLONGO,ELIA GIACOMO,ITALIANA,4/2/2000,M,28/10/2017,28/10/2027,MONOPOLI
RUZZOLINI,MELISA,ITALIANA,5/6/1980,F,12/9/2020,12/9/2030,PALERMO
MAMPRIN,LUIGI FRANCESSCO,ITALIANA,26/4/1986,M,16/12/2019,16/12/2029,ROMA
DEON,SAVERIO,ITALIANA,5/1/1943,M,4/10/2021,4/10/2031,VIBO VALENTIA
CUZZUPOLI,PEPPINO GENNARO,ITALIANA,18/3/1904,M,22/12/2023,22/12/2033,CESENATICO
GIZZONIO,PARIDE GIUSEPPE,ITALIANA,13/10/2010,M,13/7/2022,13/7/2032,TERAMO
MUZZUPAPPA,ERRICO VITTORIO,ITALIANA,17/13/2004,M,18/1/2018,18/1/2028,NAPOLI
VACANTI,BADOGLIO,ITALIANA,10/11/2009,M,27/11/2022,27/11/2032,NAPOLI
DEZZUTTI,MAURO MIRKO,ITALIANA,21/6/1953,M,10/5/2023,10/5/2033,VENEZIA
MAMPRIN,REINHARD,ITALIANA,16/13/1977,M,9/4/2020,9/4/2030,TRENTO
CLIVIO,SANDRO FEDERICO,ITALIANA,22/2/1973,M,23/1/2021,23/1/2031,CAMPOBASSO
CARZOLA,ROSELLA GARD,ITALIANA,12/12/1922,F,4/10/2021,4/10/2031,PALERMO
MUZZUPAPPA,REINHARD MARTIN,ITALIANA,23/5/1933,M,2/1/2022,2/1/2032,VENEZIA
NABOT,DAMOCLE,ITALIANA,6/6/1941,M,13/2/2018,13/2/2028,NUORO
BARRACO,GIUSEPPINA VITTORIA,ITALIANA,13/13/1939,F,5/5/2021,5/5/2031,CAGLIARI
DEPALMA,GARY,ITALIANA,19/3/1979,M,15/3/2021,15/3/2031,GENOVA
MON,MARIO GRAZIANO,ITALIANA,7/12/1948,M,5/8/2021,5/8/2031,VIBO VALENTIA
SAPUTO,NIRVANO,ITALIANA,1/12/1997,M,10/13/2017,10/13/2027,VERCELLI
LLONGO,FERNANDO PAOLO,ITALIANA,28/13/2010,M,28/2/2021,28/2/2031,MILANO MARITTIMA
CORAZZA,ALESSIO CARMINE,ITALIANA,23/7/1954,M,10/4/2016,10/4/2026,MILANO
VIA,MARIA AVE,ITALIANA,5/4/1983,F,16/10/2015,16/10/2025,CESENATICO
MOMBELLO,ANTONIO BRUNO,ITALIANA,25/10/1916,M,15/8/2016,15/8/2026,ROMA
DEON,MATTIA GIANDOMENICO,ITALIANA,24/11/1973,M,4/3/2020,4/3/2030,GAMBETTOLA
DOCCHIO,MARIO IMO,ITALIANA,18/1/1971,M,24/6/2019,24/6/2029,BARI
SARA,OTTORINO AGOSTINO,ITALIANA,9/10/1932,M,2/7/2023,2/7/2033,CAMPOBASSO
FRANCH,ANGELO GIONANNI,ITALIANA,20/8/1911,M,23/5/2019,23/5/2029,MONOPOLI
LUALDI,FILODEMO,ITALIANA,27/11/1906,M,24/12/2022,24/12/2032,BOLZANO
AZZONI,ELENA ELIA,ITALIANA,11/13/1937,F,20/13/2019,20/13/2029,GAMBETTOLA
CORAZZA,GATEANO,ITALIANA,25/5/1974,M,10/4/2019,10/4/2029,TORINO
TIZOT,GEMMINIANO,ITALIANA,10/10/1928,M,21/4/2021,21/4/2031,CAGLIARI
BARRACO,GIAMMARCO,ITALIANA,11/11/1994,M,12/1/2020,12/1/2030,BARI
PUZZUOLI,ALDOBRANDO,ITALIANA,1/8/1988,M,19/6/2020,19/6/2030,BOLOGNA
SPAGNOL,GIOV BATTISTA,ITALIANA,17/1/1970,M,7/3/2016,7/3/2026,BOLZANO
MOMBELLO,GENNARO MARIA,ITALIANA,4/9/1974,M,24/12/2020,24/12/2030,CAGLIARI
BERTAGNOLLI,LINA TERESA,ITALIANA,10/7/1975,F,24/5/2020,24/5/2030,BARI
NABOT,MELO GIUSEPPE,ITALIANA,19/4/2000,M,11/13/2021,11/13/2031,BOLZANO
SALVATORE,LIBERATO ETTORE,ITALIANA,15/11/1989,M,28/12/2023,28/12/2033,TORINO
BEZZO,OLENIO,ITALIANA,27/6/1920,M,11/8/2023,11/8/2033,MILANO MARITTIMA
RIZZUTTO,FRANCA ADELE,ITALIANA,28/10/1930,F,19/5/2023,19/5/2033,VIBO VALENTIA
SPAGNOL,TERRY PATRICIA,ITALIANA,9/10/1934,F,11/4/2016,11/4/2026,CAMPOBASSO
AYALA,ANTONINO ACHILLE,ITALIANA,21/13/1974,M,26/5/2015,26/5/2025,POGGIO RENATICO
MUSARRA,PHILIPP,ITALIANA,24/8/1995,M,23/11/2016,23/11/2026,VIBO VALENTIA
MENAPACE,LORENZO LUCIANO,ITALIANA,8/13/1982,M,19/13/2017,19/13/2027,POGGIO RENATICO
AZZONI,MARIO FRANCESCO,ITALIANA,3/13/1983,M,26/8/2020,26/8/2030,CAGLIARI
MAZZURCO,ANTONELLO MICHELE,ITALIANA,18/3/1959,M,26/3/2020,26/3/2030,PISA
BAZZONI,MARIANO IGINO,ITALIANA,2/9/1975,M,16/11/2023,16/11/2033,CESENATICO
QUADAGNO,FIONA,ITALIANA,26/5/1963,F,8/10/2016,8/10/2026,PISA
DALFOVO,ANTONIO FRANCESCO RO,ITALIANA,18/12/1990,M,24/12/2022,24/12/2032,CAGLIARI
SYRACUSE,ALESSIA CINZIA,ITALIANA,9/13/1905,F,24/9/2016,24/9/2026,NAPOLI
TABACCHI,EZIO MARIA,ITALIANA,20/5/1902,M,20/9/2023,20/9/2033,GENOVA
TABBANO,GIANNI PIETRO,ITALIANA,25/6/1911,M,13/2/2017,13/2/2027,TERAMO
TIZOT,ROCCO GIANCARLO,ITALIANA,7/13/1926,M,24/2/2017,24/2/2027,ROMA
SPAGNOL,PIERO LUCIANO,ITALIANA,14/3/1939,M,8/10/2023,8/10/2033,VENEZIA
QUOTROCHI,SIMONE PIETRO,ITALIANA,8/8/1972,M,7/11/2021,7/11/2031,MONOPOLI
DEON,ADAMO,ITALIANA,12/11/1906,M,9/1/2017,9/1/2027,CESENATICO
BAZZONI,PINA GEMMA,ITALIANA,2/5/1926,F,10/4/2021,10/4/2031,VIBO VALENTIA
RIZZUTTO,FABIO ERMINIO,ITALIANA,18/7/1963,M,6/13/2023,6/13/2033,GENOVA
COPPOLINO,MARCELLO FULVIO,ITALIANA,13/11/1933,M,12/3/2017,12/3/2027,CAMPOBASSO
STEFANO,ELIGIO GIOVANNI,ITALIANA,19/3/1949,M,15/3/2023,15/3/2033,CAGLIARI
LOZZI,LUDOVICO CARLO,ITALIANA,1/5/1984,M,10/2/2021,10/2/2031,MONOPOLI
DIAZONI,VINCENZO ALMERICO,ITALIANA,13/7/1949,M,25/11/2016,25/11/2026,CESENATICO
MUZZUPAPPA,CALESTINO,ITALIANA,20/13/1959,M,5/1/2020,5/1/2030,MILANO MARITTIMA
CHYURLIA,RACHELE STEFANIA,ITALIANA,5/13/1966,F,22/7/2019,22/7/2029,BARI
RIZZUTTO,IVANO LUIGI,ITALIANA,16/13/1934,M,26/10/2018,26/10/2028,ROMA
PINAMONTI,MARIO TERESIO,ITALIANA,17/4/1901,M,28/12/2020,28/12/2030,NAPOLI
VASALLO,MARIO SALVATORE IGNA,ITALIANA,24/6/1992,M,14/3/2023,14/3/2033,ROMA
NABOT,GEREMIA STEFANO,ITALIANA,27/3/1973,M,15/10/2020,15/10/2030,MONOPOLI
PAZZI,ANTONGIORGIO MARIA,ITALIANA,25/9/2004,M,4/12/2018,4/12/2028,CAMPOBASSO
AMUZZINI,RAFFAELE DAMIANO,ITALIANA,10/6/1980,M,23/13/2016,23/13/2026,TORINO
CANZUTTI,ANDREA FERNANDO,ITALIANA,28/6/1963,M,25/11/2017,25/11/2027,NAPOLI
FIZZAROTTI,LUCIA IN COPPOLA,ITALIANA,16/10/1922,F,12/1/2020,12/1/2030,CAGLIARI
MUZZUPAPPA,FELIX MARIA,ITALIANA,14/13/1931,M,11/13/2023,11/13/2033,TERAMO
WAGER,LUCIA CLAUDIA,ITALIANA,5/5/1915,F,27/12/2023,27/12/2033,CAMPOBASSO
LUALDI,OLGA ANGELA,ITALIANA,20/6/1966,F,25/3/2019,25/3/2029,FIRENZE
PIVA,FRANCESCO SANNIO,ITALIANA,9/12/1942,M,3/9/2020,3/9/2030,VENEZIA
DIBACCO,MARTINA MARIA,ITALIANA,11/2/1950,F,14/8/2015,14/8/2025,CAMPOBASSO
FIZZAROTTI,REALINO,ITALIANA,16/5/2001,M,19/6/2017,19/6/2027,NUORO
BAZZONI,MARIO ORLANDO,ITALIANA,26/8/1910,M,14/8/2020,14/8/2030,BOLOGNA
AMUZZINI,DONATELLA RITA MARIA,ITALIANA,16/10/1943,F,4/9/2020,4/9/2030,VENEZIA
DALFOVO,GOTTFRIED,ITALIANA,26/8/1979,M,2/9/2019,2/9/2029,POGGIO RENATICO
FRANCH,SEVERINO LUCANO,ITALIANA,17/3/1906,M,16/4/2021,16/4/2031,ROMA
PIETRO,ALTEO,ITALIANA,5/8/1985,M,16/1/2019,16/1/2029,FIRENZE
MENAPACE,NICOLA RENATO,ITALIANA,24/5/1905,M,7/8/2021,7/8/2031,MILANO MARITTIMA
PARACHINI,LUIGI VINCENZO,ITALIANA,15/7/1918,M,10/1/2019,10/1/2029,CAMPOBASSO
VIA,DOMENICO BARTOLOMEO,ITALIANA,18/8/1903,M,23/7/2019,23/7/2029,NUORO
BOZZUFFI,CANZIO GIUSEPPE,ITALIANA,5/10/1941,M,23/10/2022,23/10/2032,NAPOLI
GUZZON,SERGIO SALVATORE,ITALIANA,7/11/1928,M,26/4/2018,26/4/2028,PISA
MARGAGLIANO,MARIA COSTANTINA,ITALIANA,2/8/1931,F,22/13/2021,22/13/2031,BOLZANO
VACANTI,SILVIA ADRIANA,ITALIANA,27/10/1957,F,4/11/2020,4/11/2030,TERAMO
FIZZAROTTI,ERME DANTE,ITALIANA,25/3/1983,M,14/7/2017,14/7/2027,MONOPOLI
VACANTI,LUIGI OTELLO,ITALIANA,28/8/1914,M,27/2/2018,27/2/2028,CESENATICO
SPADUZZI,IVANO CAMILLO,ITALIANA,26/3/2005,M,28/6/2016,28/6/2026,BOLOGNA
BEZZO,VALENTINO LUCIO,ITALIANA,27/12/1907,M,23/2/2018,23/2/2028,CESENATICO
ACCARINI,EMENUELE,ITALIANA,17/6/1938,M,7/3/2017,7/3/2027,VENEZIA
ACCARINI,LELLA DANIELA,ITALIANA,1/12/1987,F,6/4/2015,6/4/2025,PALERMO
CAOLA,PIEREUGENIO,ITALIANA,1/8/1977,M,26/3/2018,26/3/2028,MILANO
GIZZONIO,GIOVANNI EMANUELE,ITALIANA,22/1/1945,M,7/9/2021,7/9/2031,BARI
MENAPACE,ANGELA EMILIA,ITALIANA,7/2/1912,F,7/12/2023,7/12/2033,BOLZANO
CAZZULINO,MARIANA ANNA,ITALIANA,16/1/2005,F,24/10/2015,24/10/2025,MILANO MARITTIMA
MARGAGLIANO,SECONDO BEN,ITALIANA,7/5/1943,M,14/11/2023,14/11/2033,MILANO MARITTIMA
AMUZZINI,ALFONSO ELIGIO,ITALIANA,28/12/1971,M,3/9/2022,3/9/2032,BOLOGNA
MARETTO,ANGELO RENATO,ITALIANA,8/4/1980,M,5/4/2019,5/4/2029,BOLZANO
BAZZONI,MIKAELA,ITALIANA,1/3/1926,F,9/13/2019,9/13/2029,PALERMO
PEZZUTO,ISACCO FAUSTO,ITALIANA,20/3/1987,M,14/4/2020,14/4/2030,MILANO MARITTIMA
QUOTROCHI,GUGLIELMO OSVALDO,ITALIANA,7/3/1981,M,10/6/2016,10/6/2026,POGGIO RENATICO
MARZUTTINI,MAURO LUIGI DOMENICO,ITALIANA,14/3/1910,M,23/1/2015,23/1/2025,POGGIO RENATICO
TABACCHI,IVANO MARIO,ITALIANA,15/8/1906,M,27/4/2019,27/4/2029,PISA
UZZI,ANTONIO POMPEO PIO,ITALIANA,15/4/1936,M,6/9/2018,6/9/2028,GAMBETTOLA
VALENTINO,GAVINO SALVATORE,ITALIANA,7/10/1906,M,7/9/2021,7/9/2031,CAGLIARI
QUOTROCHI,ALESSANDRO UGO,ITALIANA,18/3/1962,M,7/11/2022,7/11/2032,GAMBETTOLA
PIVA,ANNA IN PIRAS,ITALIANA,7/4/1988,F,21/8/2022,21/8/2032,PISA
RIZZI,ANDREA MARIA EMILIO,ITALIANA,13/1/1950,M,21/1/2020,21/1/2030,TERAMO
MUSARRA,LUIGI MARCELLO,ITALIANA,6/6/1933,M,4/4/2015,4/4/2025,TORINO
DOCCHIO,GIOVANNI FAU,ITALIANA,27/10/1936,M,5/5/2021,5/5/2031,BOLZANO
VALENTINI,PAOLO AUGUSTO,ITALIANA,5/2/1946,M,3/5/2020,3/5/2030,VIBO VALENTIA
PINAMONTI,REMO RENZO,ITALIANA,22/1/2002,M,25/6/2023,25/6/2033,CAGLIARI
SALVATORE,MAURO PIETRO,ITALIANA,4/11/1964,M,28/10/2017,28/10/2027,TORINO
DIZONNO,INELDO,ITALIANA,21/1/1953,M,3/5/2015,3/5/2025,CAMPOBASSO
GUZZON,IRIS MARIA,ITALIANA,7/11/1996,F,19/13/2016,19/13/2026,MILANO MARITTIMA
SHUSETTE,VANDUCCIO,ITALIANA,26/11/1903,M,9/9/2022,9/9/2032,PALERMO
TABBANO,IVAN FILIPPO,ITALIANA,24/8/1954,M,6/9/2016,6/9/2026,BOLOGNA
PUZZUOLI,CAIO,ITALIANA,3/5/1902,M,3/2/2018,3/2/2028,VENEZIA
CASCINO,NELLA MARIA,ITALIANA,19/2/1972,F,7/13/2022,7/13/2032,FIRENZE
PIVA,PIETRO CLEMENTE,ITALIANA,2/10/1927,M,23/7/2023,23/7/2033,TORINO
FIZZAROTTI,CANDIDO AGOSTINO,ITALIANA,9/4/1971,M,22/2/2019,22/2/2029,ROMA
BEZZO,LUIGI GERARD,ITALIANA,10/10/1936,M,15/5/2018,15/5/2028,MILANO MARITTIMA
ACCARINI,RAOUL ANTONIO,ITALIANA,18/4/1950,M,16/5/2015,16/5/2025,CAMPOBASSO
QUADAGNO,MARETTA,ITALIANA,12/2/1970,F,7/7/2021,7/7/2031,BARI
MON,DOLORICO,ITALIANA,17/1/1927,M,24/10/2022,24/10/2032,POGGIO RENATICO
SHUSETTE,TIZIANO CARMINE,ITALIANA,9/10/1937,M,11/11/2016,11/11/2026,BOLZANO
ACCARINI,PIETRO GIOVANNI D.,ITALIANA,23/11/1939,M,20/7/2022,20/7/2032,POGGIO RENATICO
MENAPACE,SIRA,ITALIANA,19/8/1954,F,13/8/2019,13/8/2029,TRENTO
SYRACUSE,GIUSEPPE BONIFACIO,ITALIANA,18/4/1950,M,14/8/2016,14/8/2026,PISA
STEFANO,STANIS,ITALIANA,13/12/1983,M,21/2/2020,21/2/2030,BOLZANO
FAZZOLARI,GIANNI LAPO NILO,ITALIANA,9/2/1909,M,2/5/2017,2/5/2027,VERCELLI
TABACCHI,GIAMPAOLA ELISABETTA,ITALIANA,11/12/1920,F,24/6/2016,24/6/2026,BARI
OZELLO,SALVATORE LUIGI,ITALIANA,9/8/1956,M,19/7/2015,19/7/2025,BOLZANO
MARZUTTINI,UMBERTO PIO,ITALIANA,12/6/1997,M,5/13/2019,5/13/2029,VERCELLI
BUZZURRO,SILVERO,ITALIANA,24/5/1905,M,4/11/2021,4/11/2031,NUORO
PARACHINI,SIGNORA,ITALIANA,23/5/2007,F,21/2/2016,21/2/2026,CAMPOBASSO
RUSSO,ERMANNO,ITALIANA,27/10/1912,M,10/13/2017,10/13/2027,NUORO
BOZZUFFI,MARA ALESSANDRA,ITALIANA,12/2/1933,F,21/10/2021,21/10/2031,CESENATICO
TABBANO,TINDARO,ITALIANA,8/7/1953,M,10/7/2019,10/7/2029,POGGIO RENATICO
MARGAGLIANO,ENIS ANGELO,ITALIANA,20/9/2009,M,9/13/2019,9/13/2029,PISA
GHOISIO,CAMILLO GIORGIO,ITALIANA,27/7/1923,M,6/8/2019,6/8/2029,BARI
MUZZUPAPPA,LISBETH,ITALIANA,25/12/1992,F,19/12/2015,19/12/2025,PALERMO
CARZOLA,GASPARINO,ITALIANA,25/13/1994,M,8/11/2022,8/11/2032,ROMA
PINAMONTI,NAPOLEONE FRANCESCO,ITALIANA,27/1/1961,M,6/1/2018,6/1/2028,TORINO
VACANTI,ESILIO,ITALIANA,27/5/1952,M,28/7/2021,28/7/2031,GAMBETTOLA
LUALDI,MARIO ROMEO,ITALIANA,16/1/1991,M,15/2/2019,15/2/2029,PISA
ANA,SALVATORE ANTONY,ITALIANA,28/9/1940,M,4/11/2018,4/11/2028,TRENTO
DEAUGUSTINO,MARIO AGRIPPINO,ITALIANA,21/10/1929,M,8/1/2017,8/1/2027,CESENATICO
RIZZI,DAMIAMO,ITALIANA,26/3/1943,M,17/2/2021,17/2/2031,ROMA
TOBA,DONATO VITO,ITALIANA,22/5/1934,M,5/8/2017,5/8/2027,ROMA
ROSSI,DAMIANA CATERINA,ITALIANA,25/10/1963,F,21/7/2018,21/7/2028,GAMBETTOLA
DÏARTIBALE,ARTIDORO,ITALIANA,13/4/1953,M,3/7/2019,3/7/2029,NUORO
DEZZUTTI,GIANPIER,ITALIANA,13/7/1902,M,23/8/2022,23/8/2032,CAGLIARI
FLAIM,IMMACOLATA VINCENZA,ITALIANA,4/5/1974,F,25/4/2022,25/4/2032,VENEZIA
LUALDI,ASSUNTA MARIA,ITALIANA,11/13/1925,F,3/3/2023,3/3/2033,FIRENZE
CLIVIO,OELLEGRINO,ITALIANA,10/13/1976,M,15/10/2023,15/10/2033,MONOPOLI
VASALLO,TULLIA IRIDE,ITALIANA,1/7/1998,F,12/12/2017,12/12/2027,VIBO VALENTIA
FIZZAROTTI,EMILIA WANDA,ITALIANA,11/9/1902,F,27/10/2022,27/10/2032,PALERMO
CASCINO,GIULIANO GIORGI,ITALIANA,1/7/1925,M,21/5/2017,21/5/2027,CAGLIARI
MARGAGLIANO,LIDIA ELVIRA,ITALIANA,26/7/1943,F,25/4/2022,25/4/2032,VENEZIA
CANZUTTI,COSTANTIN,ITALIANA,25/3/1910,M,27/4/2023,27/4/2033,CAMPOBASSO
PAPUCCI,CRISTINA ESTER,ITALIANA,27/4/1911,F,7/9/2020,7/9/2030,VENEZIA
PINAMONTI,FRANCESCO MARIA ROSARIO ANTONIO,ITALIANA,15/12/1945,M,28/3/2016,28/3/2026,GAMBETTOLA
DOCCHIO,SILVIO DOMENICO PIET,ITALIANA,25/2/1914,M,21/2/2019,21/2/2029,CAGLIARI
LOZZI,VALMIRO,ITALIANA,8/3/1904,M,26/4/2018,26/4/2028,BARI
FARRUGGIA,LUCA GIANCARLO,ITALIANA,11/13/1929,M,1/7/2017,1/7/2027,CESENATICO
PUZZUOLI,ROSILIO,ITALIANA,12/6/1953,M,5/8/2021,5/8/2031,TORINO
MARGAGLIANO,MARINA ISABELLA,ITALIANA,6/9/1969,F,1/13/2022,1/13/2032,MILANO MARITTIMA
SAPUTO,ROSSANA FERRUCCIA,ITALIANA,12/8/1928,F,24/1/2023,24/1/2033,VIBO VALENTIA
BAZZONI,MARIA REGINA,ITALIANA,23/10/1940,F,23/3/2015,23/3/2025,TERAMO
RUZZOLINI,GAVINO AGOSTINO,ITALIANA,23/7/1993,M,12/5/2020,12/5/2030,MILANO MARITTIMA
PIETRO,FILIPPO MAURIZIO,ITALIANA,21/9/1913,M,2/13/2021,2/13/2031,MILANO
RUSSO,FULIO,ITALIANA,24/4/1943,M,14/5/2020,14/5/2030,VIBO VALENTIA
SALVATORE,CARLO GIUSEPPE ALDO,ITALIANA,28/5/1975,M,21/12/2022,21/12/2032,TERAMO
MON,BACHISIO SAVERIO,ITALIANA,20/5/1929,M,15/8/2015,15/8/2025,NAPOLI
UBALDI,ROBERTO GIUSEPPE,ITALIANA,1/9/1991,M,13/13/2023,13/13/2033,MILANO
SARA,ORIETTA RITA,ITALIANA,15/7/1988,F,10/6/2023,10/6/2033,TRENTO
SHUSETTE,MARTINO CARMELO,ITALIANA,7/13/1992,M,12/11/2023,12/11/2033,BOLOGNA
CEBRELLI,LUIGILDO,ITALIANA,21/2/1933,M,14/13/2020,14/13/2030,POGGIO RENATICO
CAZZULINO,ALESSANDRA STEFANIA,ITALIANA,19/4/1909,F,25/9/2018,25/9/2028,GENOVA
MIALE,TELEMACO,ITALIANA,22/12/1919,M,24/1/2023,24/1/2033,PALERMO
LUALDI,FRANCECO,ITALIANA,14/8/1918,M,26/11/2015,26/11/2025,CAGLIARI
ABALSAMO,HELENA,ITALIANA,10/13/1964,F,19/5/2023,19/5/2033,MILANO MARITTIMA
NABOT,AURELIE',ITALIANA,16/12/1963,F,11/9/2022,11/9/2032,GAMBETTOLA
ALFANO,GIAMBORTOLO,ITALIANA,5/6/1948,M,20/1/2019,20/1/2029,FIRENZE
TABACCHI,ILDA MARIA,ITALIANA,24/12/1900,F,17/6/2020,17/6/2030,GENOVA
CEBRELLI,AUDENZIO FRANCESCO,ITALIANA,6/7/1940,M,2/3/2022,2/3/2032,MILANO
PHILIP,COSIMO MARCO,ITALIANA,2/13/1925,M,6/8/2019,6/8/2029,POGGIO RENATICO
SALVATORE,GIUSYMANUELA,ITALIANA,11/12/1965,F,4/8/2021,4/8/2031,VIBO VALENTIA
CANZUTTI,ORNELLA MARIA,ITALIANA,11/5/1929,F,25/3/2019,25/3/2029,NAPOLI
CAZZULINO,ERIGO,ITALIANA,26/3/2005,M,26/4/2022,26/4/2032,ROMA
RUZZOLINI,ANTONINO LUIGI M,ITALIANA,27/8/1973,M,13/12/2015,13/12/2025,VERCELLI
GHOISIO,TEREA,ITALIANA,6/7/1970,F,13/3/2022,13/3/2032,GENOVA
ROSSI,FRANCO COSTANTINO,ITALIANA,23/13/1909,M,9/1/2015,9/1/2025,BOLOGNA
PINAMONTI,ROBERTO GIUSEPPINO,ITALIANA,25/3/1983,M,7/1/2018,7/1/2028,GENOVA
CHYURLIA,ADORNO,ITALIANA,26/3/1940,M,22/10/2019,22/10/2029,VENEZIA
DALFOVO,FLORIN CRISTIAN,ITALIANA,8/5/1921,M,3/7/2019,3/7/2029,MONOPOLI
TOMMASO,MARIA ANDREANA,ITALIANA,6/4/1905,F,13/10/2015,13/10/2025,NAPOLI
FRANCH,GIAN RICCARDO,ITALIANA,16/13/1977,M,16/1/2016,16/1/2026,CESENATICO
FARRUGGIA,GIORGIO ANGELO,ITALIANA,12/8/1943,M,20/9/2019,20/9/2029,BOLOGNA
MANACAPELLI,FULVIA MARIA,ITALIANA,26/5/1990,F,20/7/2022,20/7/2032,NAPOLI
WAGER,MARIARINA,ITALIANA,19/8/1965,F,5/9/2016,5/9/2026,MILANO MARITTIMA
MUSARRA,SERGIO NATAL,ITALIANA,7/6/2008,M,23/12/2020,23/12/2030,POGGIO RENATICO
PIVA,ENRICHETTO,ITALIANA,4/1/1976,M,22/10/2019,22/10/2029,MILANO
BUZZURRO,MARIA GIUSEPPA,ITALIANA,20/5/1908,M,21/9/2020,21/9/2030,CESENATICO
BEZZO,SETTEMBRINO,ITALIANA,11/1/1954,M,8/4/2022,8/4/2032,BOLOGNA
RIZZI,ANGELO CALOGERO,ITALIANA,13/8/1957,M,25/4/2023,25/4/2033,TORINO
PREZZI,OTELLO MARCELLO,ITALIANA,6/8/1942,M,26/10/2018,26/10/2028,MILANO
UBALDI,MARTIN HEINZ,ITALIANA,26/4/1997,M,24/7/2022,24/7/2032,BOLZANO
MOMBELLO,RENO,ITALIANA,21/7/1903,M,8/3/2018,8/3/2028,TERAMO
VALENTINO,FULVIO NATALE,ITALIANA,1/5/1981,M,6/13/2016,6/13/2026,BARI
CAOLA,FRANCESCO FIORE,ITALIANA,27/11/2005,M,17/11/2019,17/11/2029,BOLOGNA
FIZZAROTTI,PIER VITTORIO,ITALIANA,1/10/1920,M,10/5/2016,10/5/2026,TERAMO
MAZZURCO,ALESSIO FRANCESCO,ITALIANA,1/2/1931,M,21/7/2016,21/7/2026,MONOPOLI
MUSARRA,MARIA GIUSY,ITALIANA,16/5/1934,F,6/9/2015,6/9/2025,NUORO
DÏARTIBALE,CARMINE RINALDO,ITALIANA,27/9/1945,M,9/11/2018,9/11/2028,CESENATICO
SCIABA,GIUSEPPE ENNIO,ITALIANA,27/12/1950,M,17/2/2021,17/2/2031,POGGIO RENATICO
TABACCHI,PAOLO ANTONIO,ITALIANA,7/7/1938,M,14/10/2016,14/10/2026,GAMBETTOLA
ALFANO,EMIDIO CARMINE,ITALIANA,26/12/2003,M,4/12/2021,4/12/2031,POGGIO RENATICO
FAZZOLARI,ERISTO,ITALIANA,9/2/1909,M,18/9/2018,18/9/2028,MILANO MARITTIMA
PIETRO,SIMONA LEA FIORELLA,ITALIANA,5/1/1976,F,18/8/2019,18/8/2029,CESENATICO
SPADUZZI,EDDY,ITALIANA,15/12/1938,F,11/4/2019,11/4/2029,TRENTO
NABOT,AGATINO PASQUALE,ITALIANA,27/8/1973,M,26/5/2021,26/5/2031,GAMBETTOLA
MON,RINALDO MAURO,ITALIANA,13/7/1936,M,10/12/2019,10/12/2029,TORINO
BABBINI,FILIPPA MARIA,ITALIANA,12/5/1958,F,10/4/2019,10/4/2029,TERAMO
MON,GIUSEPPE VIRGINIO,ITALIANA,10/1/1958,M,12/6/2023,12/6/2033,BOLOGNA
SALVATORE,LAURA ANNUNZIATA,ITALIANA,19/13/1953,F,22/13/2021,22/13/2031,VERCELLI
CAZZULINO,ROSARIO EUGENIO,ITALIANA,3/5/1958,M,23/4/2016,23/4/2026,TRENTO
MOMBELLO,FAUSTO CARLO ROCCO,ITALIANA,14/6/1931,M,22/4/2017,22/4/2027,GAMBETTOLA
CAOLA,GFIOVANNI,ITALIANA,8/6/1945,M,15/2/2022,15/2/2032,MILANO
TABBANO,ROBERTO FELICE,ITALIANA,7/13/1902,M,19/9/2015,19/9/2025,BOLZANO
GARAVAGLIA,KARL KANDIDUS,ITALIANA,6/3/1988,M,6/11/2021,6/11/2031,BOLZANO
MEZZULLO,WALTER PIERGIORGIO,ITALIANA,5/12/1984,M,16/8/2016,16/8/2026,BOLOGNA
SYRACUSE,EDUARDO CLAUDIO,ITALIANA,18/3/1996,M,2/3/2015,2/3/2025,TERAMO
MIALE,LARS PEDER,ITALIANA,11/7/1902,M,26/1/2018,26/1/2028,PISA
RIZZUTTO,MERY,ITALIANA,3/13/1983,M,7/2/2021,7/2/2031,POGGIO RENATICO
ALFANO,FREDDY,ITALIANA,14/7/1980,M,19/7/2015,19/7/2025,CAMPOBASSO
DIBACCO,ALESSIO PAOLO,ITALIANA,8/12/2009,M,27/2/2021,27/2/2031,PISA
FRANCH,CATERINA VITTORIA,ITALIANA,28/5/1992,F,14/6/2019,14/6/2029,TERAMO
STEFANO,PIEREUGENIA,ITALIANA,20/9/2009,F,5/13/2022,5/13/2032,BOLZANO
TOBA,FRANCESCO LUCIO,ITALIANA,11/3/1938,M,16/12/2018,16/12/2028,MILANO
DIAZONI,ANNA ROSINA,ITALIANA,6/11/1921,F,14/8/2015,14/8/2025,BARI
DÏARTIBALE,AMTONINO,ITALIANA,26/8/1911,M,28/3/2022,28/3/2032,GAMBETTOLA
VALENTINO,ERASMO SALVATORE,ITALIANA,9/9/2002,M,26/8/2023,26/8/2033,CAMPOBASSO
BRACA,MORIS,ITALIANA,5/12/1921,M,28/1/2018,28/1/2028,MILANO
MAMPRIN,ADAMO LORENZO,ITALIANA,27/8/1928,M,23/2/2016,23/2/2026,POGGIO RENATICO
TYLER,GIORGIO VINCENZO,ITALIANA,12/4/1941,M,5/12/2023,5/12/2033,NUORO
TABACCHI,FABIO VINCENZO,ITALIANA,18/12/2010,M,12/13/2019,12/13/2029,VENEZIA
CEBRELLI,FABIO DOMENICO,ITALIANA,11/1/1925,M,4/3/2015,4/3/2025,BOLZANO
BRACA,MARA COSTANTINA,ITALIANA,3/5/1902,F,24/9/2023,24/9/2033,VIBO VALENTIA
VASALLO,FELICE ANTON,ITALIANA,16/1/1947,M,24/1/2020,24/1/2030,TRENTO
BEASISO,GIUSEPPE NUNZIATO,ITALIANA,12/1/1906,M,24/7/2022,24/7/2032,VENEZIA
RIZZUTTO,EVELIN MARIA,ITALIANA,24/12/1911,F,12/10/2016,12/10/2026,TORINO
DEAUGUSTINO,MOSE,ITALIANA,4/3/1918,M,10/8/2016,10/8/2026,MILANO MARITTIMA
CASCINO,SALVATORE LUIGI,ITALIANA,21/7/1985,M,19/9/2023,19/9/2033,VIBO VALENTIA
DEON,CATIA ANNA MARIA,ITALIANA,16/13/1915,F,7/2/2021,7/2/2031,CAMPOBASSO
SYRACUSE,SALVATORE CIRO,ITALIANA,6/8/2000,M,21/4/2021,21/4/2031,CAGLIARI
MOMBELLO,EZELIO,ITALIANA,5/11/1924,M,6/10/2021,6/10/2031,BARI
CHYURLIA,GIOVANNI BRUNO,ITALIANA,17/6/1961,M,21/11/2018,21/11/2028,MILANO
FAZZOLARI,MAURIZIO GIOVANNI,ITALIANA,6/10/1961,M,22/2/2016,22/2/2026,MILANO MARITTIMA
CHYURLIA,SEBASTIANO NUNZIO,ITALIANA,27/8/1981,M,9/7/2020,9/7/2030,PISA
CASCINO,RAIMONDO MARIANO,ITALIANA,24/12/1911,M,28/1/2022,28/1/2032,BARI
MUZZUPAPPA,EUGENIO CARLO,ITALIANA,17/13/1919,M,26/11/2022,26/11/2032,PALERMO
CORAZZA,ROSARIO F.,ITALIANA,6/9/1969,M,14/2/2015,14/2/2025,BOLOGNA
FLAIM,GIANCARLO FERDINANDO,ITALIANA,28/8/1914,M,12/6/2022,12/6/2032,TORINO
CASCINO,PASQUALINA ANTONIA,ITALIANA,10/12/1933,F,13/8/2016,13/8/2026,BOLZANO
DIZONNO,FRANCESCO BACHISIO,ITALIANA,20/12/1902,M,8/9/2019,8/9/2029,MILANO MARITTIMA
DÏARTIBALE,GIANNI EGIDIO,ITALIANA,2/5/1982,M,8/4/2016,8/4/2026,CAMPOBASSO
PREZZI,ANTONIO MARIO IGNAZI,ITALIANA,26/9/1921,M,2/7/2022,2/7/2032,GAMBETTOLA
DÏARTIBALE,BRUNO ALFONSO,ITALIANA,6/8/1942,M,22/2/2016,22/2/2026,CAMPOBASSO
AZZONI,SECONDO ANTONIO,ITALIANA,1/11/1905,M,7/12/2023,7/12/2033,VENEZIA
FIZZAROTTI,PAOLA ANTONIA,ITALIANA,6/6/1936,F,9/6/2023,9/6/2033,ROMA
GIZZONIO,COSIMO MARIO,ITALIANA,6/6/1956,M,28/9/2016,28/9/2026,CESENATICO
VASALLO,LUISA CHIARA,ITALIANA,27/8/1928,F,27/2/2017,27/2/2027,MILANO
PAPUCCI,MARCO GIOVANNI BATTISTA,ITALIANA,26/6/1904,M,7/12/2023,7/12/2033,CAGLIARI
FAZZOLARI,FILIPPO PIETRO,ITALIANA,11/2/1938,M,20/4/2017,20/4/2027,VIBO VALENTIA
VASALLO,ADUINO,ITALIANA,18/10/1948,M,21/4/2017,21/4/2027,MILANO
BOZZUFFI,GUSMANO,ITALIANA,14/2/1956,M,27/1/2023,27/1/2033,VERCELLI
DOCCHIO,RAFFAELLINA,ITALIANA,5/13/2009,F,14/9/2023,14/9/2033,PISA
CLIVIO,LEANDO,ITALIANA,23/8/1978,M,13/9/2022,13/9/2032,CESENATICO
GUZZON,DIMMO,ITALIANA,2/7/1973,M,22/8/2022,22/8/2032,PALERMO
ACCARINI,CONCETTA RITA,ITALIANA,27/11/2007,F,28/3/2016,28/3/2026,VERCELLI
MARZUTTINI,TIGELLIO,ITALIANA,26/12/1997,M,24/2/2017,24/2/2027,POGGIO RENATICO
BOZZUFFI,DIOGENE,ITALIANA,9/12/1963,M,4/11/2016,4/11/2026,VIBO VALENTIA
FRANCH,EZIO MARIA ERNESTO,ITALIANA,13/8/1962,M,7/11/2017,7/11/2027,FIRENZE
SALOMONE,ACHILLE PIETRO,ITALIANA,7/3/1987,M,28/12/2018,28/12/2028,POGGIO RENATICO
SPAGNOL,EMILIO GEREMIA,ITALIANA,9/11/2006,M,6/6/2017,6/6/2027,ROMA
MUSARRA,CARMINE BENITO,ITALIANA,20/7/1947,M,23/9/2015,23/9/2025,CESENATICO
PUZZUOLI,FLAVIO CLAUDIO,ITALIANA,25/9/1901,M,26/4/2018,26/4/2028,TORINO
MARGAGLIANO,LUCA GIOVANNI,ITALIANA,26/8/1921,M,27/7/2021,27/7/2031,POGGIO RENATICO
VEZZOSI,MARIA GESUINA,ITALIANA,11/5/1945,F,1/3/2019,1/3/2029,MILANO
PAZZI,CARLO EMAN,ITALIANA,24/8/1951,M,7/12/2016,7/12/2026,BARI
RIZZI,CLAUDIO MARIANO,ITALIANA,5/2/1962,M,19/2/2015,19/2/2025,BOLZANO
PAPUCCI,GIUSEPPE MANLIO,ITALIANA,17/9/1919,M,5/5/2017,5/5/2027,VENEZIA
DALFOVO,AGOSTINO JOSE',ITALIANA,5/12/1985,M,20/6/2017,20/6/2027,PALERMO
DEZZUTTI,SERGIO GIULIO,ITALIANA,5/3/2002,M,15/6/2016,15/6/2026,GENOVA
DEPALMA,ALMA MARGHERITA,ITALIANA,11/2/1938,F,11/10/2019,11/10/2029,POGGIO RENATICO
MIALE,GABRIELE NUNZIO,ITALIANA,11/12/1968,M,23/2/2018,23/2/2028,NUORO
RUZZOLINI,NICOLA FAUSTO,ITALIANA,23/13/1906,M,10/12/2017,10/12/2027,GAMBETTOLA
DIZONNO,MAURO PIERO,ITALIANA,2/12/2003,M,21/2/2023,21/2/2033,VIBO VALENTIA
SHUSETTE,GERARDA SANTA,ITALIANA,16/6/2009,F,2/9/2018,2/9/2028,VENEZIA
MENAPACE,ANTONIOQ,ITALIANA,27/7/1992,M,4/7/2016,4/7/2026,MILANO MARITTIMA
PARACHINI,ANTONIO RAMON,ITALIANA,1/10/1927,M,16/8/2018,16/8/2028,PALERMO
ZUZZI,ERMES ANTONIO,ITALIANA,24/9/1911,M,23/4/2020,23/4/2030,CAGLIARI
RIZZUTTO,PIERO EMIDIO,ITALIANA,12/3/1911,M,22/13/2021,22/13/2031,CAMPOBASSO
GUZZON,MARISABEL,ITALIANA,17/1/1927,F,16/8/2022,16/8/2032,CAMPOBASSO
FRANCH,GUIDO MICHELE,ITALIANA,25/13/1920,M,2/13/2017,2/13/2027,PISA
MEZZULLO,VIVETTA,ITALIANA,7/4/1988,F,17/5/2022,17/5/2032,BOLZANO
GARAVAGLIA,ETRUSCO,ITALIANA,21/2/1933,M,2/1/2020,2/1/2030,ROMA
DIAZONI,HUBERT PETER,ITALIANA,23/13/1948,M,23/7/2019,23/7/2029,CAMPOBASSO
TOBA,STAMILLA MARIA,ITALIANA,28/12/1968,F,20/9/2016,20/9/2026,TORINO
MAMPRIN,ITRIA,ITALIANA,26/3/1940,F,22/3/2017,22/3/2027,CAGLIARI
SALVATORE,RINALDI,ITALIANA,7/7/1921,M,14/6/2015,14/6/2025,VENEZIA
MON,GIUSEPPE PIER FERDINANDO,ITALIANA,5/12/1960,M,22/13/2023,22/13/2033,PALERMO
GHOISIO,HANS JOSEF,ITALIANA,1/1/1932,M,12/9/2016,12/9/2026,TORINO
VALENTINI,NICOLA ROCCO,ITALIANA,9/13/1956,M,8/8/2017,8/8/2027,TRENTO
PUZZUOLI,VALERIO GIOVANNI,ITALIANA,10/3/1968,M,22/10/2018,22/10/2028,BOLOGNA
GHOISIO,TOMMASO GIUSEPPE,ITALIANA,12/4/1939,M,4/9/2021,4/9/2031,NAPOLI
ANA,MICHELA CECILIA,ITALIANA,7/12/1933,F,28/2/2017,28/2/2027,MILANO MARITTIMA
CAZZULINO,KONRAD,ITALIANA,3/13/1999,M,28/6/2017,28/6/2027,PALERMO
BARRACO,EMILIO GEREMIA,ITALIANA,21/3/1966,M,28/3/2016,28/3/2026,MILANO
DOCCHIO,GIORGIO BENVENUTO,ITALIANA,2/10/1998,M,7/12/2020,7/12/2030,BOLOGNA
RAUZI,CHIARA SIMONA,ITALIANA,20/5/1979,F,2/11/2018,2/11/2028,BOLZANO
MAMPRIN,ZAVERIO,ITALIANA,5/4/1983,M,4/7/2015,4/7/2025,GAMBETTOLA
FRANCH,ACHILL,ITALIANA,12/4/1952,M,24/6/2021,24/6/2031,ROMA
PIUNTI,SISINIO,ITALIANA,8/11/1962,M,5/10/2015,5/10/2025,MILANO
VEZZOSI,EMILIO PIETR,ITALIANA,16/5/1974,M,13/8/2021,13/8/2031,TORINO
CEBRELLI,SAINO,ITALIANA,21/11/1900,M,13/12/2021,13/12/2031,NUORO
CAZZULINO,SERGIO MARIA LORETO,ITALIANA,28/9/1953,M,1/5/2021,1/5/2031,ROMA
VALENTINO,GIANRINALDO,ITALIANA,3/11/1967,M,4/1/2020,4/1/2030,MONOPOLI
PARACHINI,NARDINA,ITALIANA,28/10/1958,F,13/3/2022,13/3/2032,VENEZIA
BOZZUFFI,MARIKA GIOVANNA ROSALIA,ITALIANA,7/3/1934,F,25/10/2018,25/10/2028,GAMBETTOLA
DALFOVO,DOMENICO MAURIZIO,ITALIANA,22/4/1914,M,23/4/2015,23/4/2025,MILANO MARITTIMA
TYLER,ANTONIO GUSTAVO,ITALIANA,7/6/1965,M,1/7/2018,1/7/2028,BARI
DAZZO,ADA NATALINA,ITALIANA,21/6/1902,F,11/5/2020,11/5/2030,CESENATICO
BUZZURRO,LUIGI NINO,ITALIANA,12/12/1994,M,26/11/2021,26/11/2031,TRENTO
CEBRELLI,ORIO,ITALIANA,11/1/1916,M,7/13/2022,7/13/2032,MONOPOLI
TOMMASO,ROSARIO ROCCO,ITALIANA,25/8/2007,M,12/8/2019,12/8/2029,TRENTO
SALOMONE,FAUSTO ANGELO,ITALIANA,17/9/1984,M,22/12/2020,22/12/2030,NUORO
VIA,VALERIANGELA,ITALIANA,4/1/1927,F,4/4/2022,4/4/2032,PALERMO
TOMMASO,RAFFAELE ANTONIO GERARDO,ITALIANA,17/9/1939,M,18/6/2018,18/6/2028,CAMPOBASSO
STEFANO,GABRIELE PASQUALINO,ITALIANA,5/1/1943,M,27/6/2019,27/6/2029,GENOVA
MIALE,KATHRINE,ITALIANA,14/13/1931,F,19/2/2015,19/2/2025,GAMBETTOLA
CANZUTTI,NICOLA NAZZARENO,ITALIANA,27/7/1932,M,6/10/2023,6/10/2033,CAMPOBASSO
LLONGO,GUIDO QUINTINO,ITALIANA,2/6/1933,M,21/4/2022,21/4/2032,VIBO VALENTIA
BEASISO,NINY,ITALIANA,3/12/1946,F,19/13/2018,19/13/2028,POGGIO RENATICO
DEZZUTTI,ELENA ELISABETTA,ITALIANA,28/5/2010,F,24/2/2017,24/2/2027,VERCELLI
VALENTINO,GIULIANA STEFANIA,ITALIANA,8/5/1979,F,27/10/2021,27/10/2031,PISA
RUZZOLINI,DOMENICO AURELIO,ITALIANA,22/8/1982,M,2/2/2017,2/2/2027,BOLOGNA
MEZZULLO,FILIPPO DOMENICO,ITALIANA,28/7/1984,M,10/4/2015,10/4/2025,TERAMO
RUSSO,GIULIANA STEFANIA,ITALIANA,2/2/1971,F,8/3/2018,8/3/2028,TORINO
VEZZOSI,SERINO,ITALIANA,7/7/1938,M,22/5/2019,22/5/2029,MONOPOLI
DEAUGUSTINO,CLAUDIA DANA,ITALIANA,7/12/1967,F,25/10/2020,25/10/2030,PISA
SYRACUSE,FABIO VITTORIO,ITALIANA,11/8/1930,M,18/9/2020,18/9/2030,BOLZANO
RIZZUTTO,IVONITA,ITALIANA,19/10/1962,F,8/1/2017,8/1/2027,BOLZANO
DAZZO,FILIPPO FEDELE,ITALIANA,27/12/1936,M,22/4/2017,22/4/2027,MILANO MARITTIMA
BAZZONI,DANIELA IN FIRPO,ITALIANA,16/2/1940,M,4/4/2017,4/4/2027,VERCELLI
ALFANO,ARPO,ITALIANA,2/11/1973,M,10/8/2020,10/8/2030,CAMPOBASSO
GUZZON,PIETRO CRISTOFORO,ITALIANA,2/12/1944,M,7/1/2016,7/1/2026,TERAMO
SHUSETTE,GERMANA,ITALIANA,20/9/1920,F,26/12/2023,26/12/2033,TERAMO
DEBALSI,MASSIMO LINO,ITALIANA,20/8/1911,M,17/10/2015,17/10/2025,GAMBETTOLA
LOZZI,ALFONO,ITALIANA,26/1/1971,M,7/4/2015,7/4/2025,GENOVA
QUADAGNO,PIETRO ANNUNZIO,ITALIANA,11/3/1967,M,15/10/2019,15/10/2029,TERAMO
AMUZZINI,GIANLUCA ANTONIO,ITALIANA,7/12/1919,M,7/1/2021,7/1/2031,PISA
AMUZZINI,RENATO DERIK,ITALIANA,5/7/1992,M,19/6/2015,19/6/2025,ROMA
EAFOLLA,FILIPPO POMPEO,ITALIANA,3/6/2007,M,9/9/2018,9/9/2028,MILANO
GHOISIO,MARIGIOVANTO,ITALIANA,26/10/1978,M,19/2/2017,19/2/2027,ROMA
DIAZONI,CLAUDIAMARIA,ITALIANA,18/4/1981,F,26/8/2023,26/8/2033,MONOPOLI
CORAZZA,IVAN ANTONIO,ITALIANA,13/1/1931,M,22/8/2022,22/8/2032,MILANO
UZZI,ALBERTA,ITALIANA,18/9/2009,F,12/4/2017,12/4/2027,CAMPOBASSO
LOZZI,CLAUDIO TOMMASO,ITALIANA,17/10/1998,M,1/4/2015,1/4/2025,GENOVA
RAUZI,ANGELO ROCCO,ITALIANA,24/5/1960,M,5/1/2017,5/1/2027,FIRENZE
CHYURLIA,CARMINE ARMANDO,ITALIANA,19/12/1957,M,28/2/2022,28/2/2032,BOLOGNA
CLIVIO,ANGELA BARBARA,ITALIANA,13/10/1902,F,22/12/2021,22/12/2031,TRENTO
ACCARINI,LAUREATO GIUSEPPE,ITALIANA,19/13/2009,M,11/4/2016,11/4/2026,MILANO
MARGAGLIANO,ATTILIO DAVIDE,ITALIANA,15/10/1944,M,20/9/2019,20/9/2029,TORINO
LAZZERI,REMIGIO MICHELE,ITALIANA,13/8/1981,M,2/6/2017,2/6/2027,CAMPOBASSO
ACCARINI,ANTONIO SETTIMIO,ITALIANA,7/11/1933,M,13/10/2021,13/10/2031,MONOPOLI
PIETRO,GENEROSA,ITALIANA,20/10/1907,F,28/6/2017,28/6/2027,MILANO
DIBACCO,DAVIDE FELICE,ITALIANA,17/5/1913,M,26/6/2017,26/6/2027,FIRENZE
DEZZUTTI,MATHILDE,ITALIANA,5/4/1953,F,19/7/2019,19/7/2029,GENOVA
DAZZO,MARCO MARIO,ITALIANA,18/8/1906,M,9/9/2017,9/9/2027,BOLOGNA
AMUZZINI,ROSOLINO ANTONIO,ITALIANA,26/4/1954,M,16/1/2022,16/1/2032,VIBO VALENTIA
DIAZONI,MASSIMO GIACOMO,ITALIANA,21/9/1963,M,16/13/2018,16/13/2028,TORINO
GUZZON,GUIDO ENRICO,ITALIANA,22/13/1971,M,19/2/2022,19/2/2032,NAPOLI
TIZOT,PIER ELIGIO,ITALIANA,28/6/1953,M,16/12/2021,16/12/2031,PISA
WAGER,STEFANO PEPPINO,ITALIANA,3/10/1932,M,20/9/2023,20/9/2033,ROMA
NABOT,AMEDEO FRANCESCO,ITALIANA,22/5/1938,M,17/12/2022,17/12/2032,BOLOGNA
PHILIP,MARIO MICHELE ARMANDO,ITALIANA,2/5/1999,M,9/4/2020,9/4/2030,BARI
RABBIA,LILIANA CARLA,ITALIANA,20/5/1979,F,13/6/2023,13/6/2033,PALERMO
SPADUZZI,LEANDRO ROCCO,ITALIANA,25/1/1900,M,3/3/2021,3/3/2031,TRENTO
FAZZOLARI,QUALTIERO,ITALIANA,14/10/1970,M,4/4/2019,4/4/2029,NUORO
VACANTI,PIEERNESTO,ITALIANA,17/9/1978,M,23/3/2021,23/3/2031,GENOVA
DIAZONI,GIUSY MARA,ITALIANA,21/1/1931,F,7/3/2017,7/3/2027,NAPOLI
MUZZUPAPPA,DAVIDE NUNZIO,ITALIANA,26/1/1939,M,10/2/2022,10/2/2032,PISA
QUADAGNO,LUCIO PAOLO,ITALIANA,11/13/1982,M,11/11/2023,11/11/2033,NAPOLI
PREZZI,ROSARIA RITA,ITALIANA,20/6/2004,F,27/5/2022,27/5/2032,NUORO
TOBA,GIOVANNA ROSA,ITALIANA,13/13/1920,F,8/13/2018,8/13/2028,POGGIO RENATICO
ABALSAMO,DOMENICA MICHELINA,ITALIANA,2/2/1943,F,12/6/2017,12/6/2027,NAPOLI
PIETRO,MARIO PALMIN,ITALIANA,11/2/1919,M,20/7/2022,20/7/2032,CESENATICO
MARZUTTINI,ROSA LETIZIA MARIA,ITALIANA,17/13/1915,F,22/10/2022,22/10/2032,VENEZIA
SARA,GIUSEPPE DARIO,ITALIANA,28/11/1930,M,17/13/2017,17/13/2027,MILANO
BEASISO,VINCENZO SILVINO,ITALIANA,12/7/1994,M,6/13/2020,6/13/2030,GENOVA
MEZZULLO,ANNA CAROLINA,ITALIANA,3/4/1958,F,13/9/2021,13/9/2031,MILANO
BABBINI,GABRIELE NUNZIO,ITALIANA,10/5/1934,M,7/12/2016,7/12/2026,PISA
CANZUTTI,SIBILLA CLAUDIA,ITALIANA,19/8/1910,F,15/2/2022,15/2/2032,VIBO VALENTIA
CAOLA,LIVIO PAOLO,ITALIANA,21/12/1929,M,2/12/2016,2/12/2026,VERCELLI
LOZZI,CARLO OTTAVIO,ITALIANA,24/2/1987,M,21/3/2019,21/3/2029,POGGIO RENATICO
ROSSI,ESIAS,ITALIANA,18/6/2008,F,25/10/2023,25/10/2033,VENEZIA
ZUZZI,ALIDO FELICE,ITALIANA,13/9/1952,M,19/5/2017,19/5/2027,CAGLIARI
MUSARRA,DALLIA,ITALIANA,8/8/1989,F,21/10/2019,21/10/2029,BARI
ALFANO,GIANDOMENICO OSCAR,ITALIANA,1/12/1949,M,25/10/2017,25/10/2027,CESENATICO
AYALA,LADISLAO,ITALIANA,8/1/1949,M,24/6/2021,24/6/2031,MILANO MARITTIMA
SHUSETTE,TEODORE,ITALIANA,19/6/1982,M,22/6/2017,22/6/2027,PALERMO
STEFANO,SIMONA CAROLINA,ITALIANA,5/8/1985,F,18/7/2016,18/7/2026,PISA
CLIVIO,EZIO ANTONINO,ITALIANA,5/4/1994,M,5/4/2016,5/4/2026,FIRENZE
PUZZUOLI,LORI,ITALIANA,22/13/1920,M,20/10/2023,20/10/2033,VERCELLI
CASCINO,VALTERUCCIO,ITALIANA,10/6/1950,M,26/5/2015,26/5/2025,ROMA
MUSARRA,SALVATORE GUGLIELMO,ITALIANA,1/10/1924,M,26/3/2021,26/3/2031,MILANO
BABBINI,ANNA AGNES,ITALIANA,13/4/1953,F,27/6/2017,27/6/2027,VERCELLI
SHUSETTE,MIRIO,ITALIANA,28/2/1928,M,15/4/2021,15/4/2031,VIBO VALENTIA
BEASISO,MARIA FLAVIA,ITALIANA,8/7/1927,F,5/13/2018,5/13/2028,BOLZANO
DAZZO,PROMIS PIERCARLO,ITALIANA,13/10/2010,M,26/7/2021,26/7/2031,GAMBETTOLA
FLAIM,ANGELANTONIO,ITALIANA,8/8/1992,M,26/9/2019,26/9/2029,VERCELLI
SHUSETTE,LAURA MICHELINA,ITALIANA,15/6/1997,F,25/9/2016,25/9/2026,VIBO VALENTIA
MUZZUPAPPA,MASSIMO PIERCARLO,ITALIANA,5/1/1943,M,3/7/2015,3/7/2025,FIRENZE
CAOLA,VASSILI,ITALIANA,16/12/1963,M,11/4/2019,11/4/2029,BOLOGNA
CHYURLIA,AURORA MARIA,ITALIANA,23/9/1989,F,27/5/2021,27/5/2031,VERCELLI
DIAZONI,VITTORIO SPIRITO,ITALIANA,8/9/1972,M,24/11/2021,24/11/2031,ROMA
FRANCH,ELPIDIO GUIDO,ITALIANA,22/3/1996,M,21/5/2017,21/5/2027,GAMBETTOLA
MON,RAIMONDO,ITALIANA,7/5/1961,M,20/12/2018,20/12/2028,BARI
MENAPACE,MORELLO,ITALIANA,14/3/1945,M,11/2/2015,11/2/2025,MONOPOLI
BOZZUFFI,ANTONIO AMATO,ITALIANA,3/8/1983,M,27/13/2018,27/13/2028,PISA
LOZZI,LIBERIO,ITALIANA,16/12/2005,M,26/8/2015,26/8/2025,BARI
ANA,REGA ANTONIO,ITALIANA,16/13/1992,M,27/3/2023,27/3/2033,VENEZIA
DÏARTIBALE,PIERA IN CAMPLI,ITALIANA,18/1/2009,F,2/10/2021,2/10/2031,TRENTO
ABALSAMO,ELMIRO,ITALIANA,1/6/2000,M,23/1/2015,23/1/2025,PISA
GIZZONIO,CLAUDIO ANTONIO,ITALIANA,6/4/1953,M,17/13/2023,17/13/2033,MONOPOLI
AZZONI,GOTTLIEB,ITALIANA,16/7/1930,M,26/5/2019,26/5/2029,TRENTO
PINAMONTI,AMBNER,ITALIANA,10/7/1957,M,5/7/2023,5/7/2033,PALERMO
SALVATORE,DOMWNICO,ITALIANA,17/6/1964,M,3/2/2015,3/2/2025,BOLOGNA
CLIVIO,PIETRO CAMILLO,ITALIANA,3/13/1978,M,8/1/2018,8/1/2028,BARI
GUZZON,OMBRETTA MARIA CRISTINA,ITALIANA,27/10/1907,F,24/11/2022,24/11/2032,CESENATICO
BOZZUFFI,FAUSTO PAOLO,ITALIANA,18/12/1990,M,1/5/2019,1/5/2029,PISA
DIBACCO,CASSANDRA,ITALIANA,10/5/1934,F,22/11/2021,22/11/2031,BOLZANO
TABBANO,ANTONIO DETTO ENZO,ITALIANA,11/2/1936,M,22/12/2020,22/12/2030,BOLOGNA
MUZZUPAPPA,ARGENTINO ANTONIO,ITALIANA,15/13/1922,M,7/11/2023,7/11/2033,ROMA
BERTAGNOLLI,BERNARDINO FILIPPO,ITALIANA,8/7/1927,M,1/4/2023,1/4/2033,BOLZANO
GIZZONIO,GIUSEPPEO,ITALIANA,17/13/1926,M,6/6/2017,6/6/2027,PISA
LOZZI,EVEDOVALDO,ITALIANA,11/12/1925,M,7/8/2022,7/8/2032,PALERMO
MAMPRIN,GAVINO PINUCCIO,ITALIANA,17/11/1988,M,23/3/2017,23/3/2027,MILANO
CUZZUPOLI,SIMONA EFISIA,ITALIANA,10/5/1967,F,3/1/2018,3/1/2028,BOLOGNA
BABBINI,ERENIO,ITALIANA,12/7/1932,M,27/3/2021,27/3/2031,MILANO
TABACCHI,GIOVANNI GINO,ITALIANA,2/11/1993,M,17/12/2019,17/12/2029,CAGLIARI
SHUSETTE,FEDERICO PIETRO,ITALIANA,12/11/1941,M,24/6/2016,24/6/2026,MILANO MARITTIMA
DEBALSI,RENATO CARLO,ITALIANA,21/7/1928,M,3/6/2020,3/6/2030,NUORO
PIETRO,ELENA CARMELA,ITALIANA,2/3/1929,F,12/3/2018,12/3/2028,MONOPOLI
SPADUZZI,PASQUALE ROCCO ANTON,ITALIANA,24/10/1955,M,22/10/2016,22/10/2026,CESENATICO
MUSARRA,M ELISABETTA,ITALIANA,12/11/1961,F,3/7/2018,3/7/2028,VERCELLI
SCIABA,RENATO AMEDEO,ITALIANA,12/7/1993,M,13/13/2016,13/13/2026,VIBO VALENTIA
QUADAGNO,JANNETTE,ITALIANA,13/1/1985,F,8/12/2018,8/12/2028,GAMBETTOLA
BARRACO,LEO ANTONIO,ITALIANA,21/9/1963,M,27/6/2017,27/6/2027,TORINO
FAZZOLARI,LINO NICOLA,ITALIANA,26/3/2008,M,20/2/2023,20/2/2033,VENEZIA
MUSARRA,GIACOMO SANTO,ITALIANA,15/7/1988,M,21/2/2022,21/2/2032,VENEZIA
BEZZO,DESPINA MARIA,ITALIANA,5/5/1972,F,6/6/2021,6/6/2031,GAMBETTOLA
GHOISIO,MARUZZELLA,ITALIANA,20/8/1984,F,2/3/2022,2/3/2032,VENEZIA
UZZI,GENEVIEVE,ITALIANA,25/5/1998,F,14/1/2016,14/1/2026,NUORO
BUZZURRO,NICOLINO ARDUINO,ITALIANA,5/11/1906,M,3/13/2015,3/13/2025,VERCELLI
BEZZO,EMILIO CARMELO,ITALIANA,28/6/1988,M,21/5/2022,21/5/2032,BARI
VASALLO,NAZZARO,ITALIANA,10/7/1918,M,9/3/2021,9/3/2031,NAPOLI
DIBACCO,ANNA RITA,ITALIANA,25/12/1909,F,17/13/2023,17/13/2033,CAGLIARI
DALFOVO,FRANCO FEDE,ITALIANA,13/12/1963,M,21/9/2023,21/9/2033,POGGIO RENATICO
DEAUGUSTINO,SARA GIOVANNA,ITALIANA,5/12/1960,F,8/12/2022,8/12/2032,CESENATICO
BARRACO,FRANCESCO GIUSEPPE A,ITALIANA,13/2/1953,M,16/7/2020,16/7/2030,PISA
BARRACO,MARINA CROCE,ITALIANA,18/13/1947,F,13/13/2020,13/13/2030,PALERMO
GHOISIO,LUCIA PINA,ITALIANA,13/10/2010,F,27/4/2020,27/4/2030,NAPOLI
MON,GIUSEPPE BACHISIO,ITALIANA,26/11/1924,M,5/2/2023,5/2/2033,FIRENZE
CANZUTTI,NICOLA MARIANO D.,ITALIANA,22/12/1919,M,20/9/2015,20/9/2025,BARI
QUOTROCHI,RODOLFO FRANCESCO,ITALIANA,26/8/1955,M,27/13/2017,27/13/2027,MONOPOLI
WAGER,CAROLINA ROSA,ITALIANA,28/6/1991,F,6/13/2019,6/13/2029,BOLZANO
DEPALMA,PIER TOMASO,ITALIANA,11/1/1993,M,12/1/2017,12/1/2027,VENEZIA
PUZZUOLI,CESARE ISAELE,ITALIANA,19/4/1964,M,27/6/2017,27/6/2027,TRENTO
SARA,HUBERT PETER,ITALIANA,4/11/1983,M,7/2/2021,7/2/2031,PISA
RIZZUTTO,STEFAN FRANZ,ITALIANA,13/6/1962,M,3/7/2021,3/7/2031,CAMPOBASSO
SPAGNOL,LEONELLO,ITALIANA,2/1/1948,M,20/12/2022,20/12/2032,ROMA
QUADAGNO,ELIA ELSA,ITALIANA,24/6/1962,F,28/11/2020,28/11/2030,VENEZIA
MEZZULLO,MARCO PAOLO,ITALIANA,20/2/1946,M,23/4/2015,23/4/2025,ROMA
CORAZZA,MARIA GIUDITTA,ITALIANA,14/3/1939,F,17/1/2022,17/1/2032,PISA
CEBRELLI,INGRID SABRINA,ITALIANA,14/12/1987,F,15/4/2018,15/4/2028,ROMA
TOMMASO,MARIO ARISTODEMO,ITALIANA,14/7/1925,M,26/3/2020,26/3/2030,PALERMO
DIBACCO,FELICE MASSIMO,ITALIANA,20/12/1902,M,28/2/2019,28/2/2029,GAMBETTOLA
TABACCHI,MARY,ITALIANA,27/10/2007,F,14/9/2023,14/9/2033,TORINO
BOZZUFFI,CLAUDIO FELICE,ITALIANA,5/4/1958,M,7/1/2020,7/1/2030,VIBO VALENTIA
VALENTINO,FAUSTO LEUCIO,ITALIANA,22/10/1971,M,12/11/2021,12/11/2031,ROMA
AYALA,PIERETTORE,ITALIANA,18/7/1924,M,16/1/2018,16/1/2028,NUORO
PARACHINI,HANSMARTIN JOSEF,ITALIANA,16/11/1903,M,24/12/2023,24/12/2033,VENEZIA
FAZZOLARI,MICHELE ORAZIO,ITALIANA,16/8/1959,M,27/8/2015,27/8/2025,VERCELLI
BOZZUFFI,CESARINA,ITALIANA,24/6/1965,F,13/11/2019,13/11/2029,NAPOLI
SARA,GRAZIANO VINCENZO,ITALIANA,11/13/2005,M,19/3/2019,19/3/2029,NUORO
MAZZURCO,PIETRO ANACLETO,ITALIANA,26/9/1990,M,4/3/2018,4/3/2028,PISA
CASCINO,OSVALDO GUALTIERO,ITALIANA,21/3/1913,M,15/6/2020,15/6/2030,TERAMO
DEON,PIETRO OYOO,ITALIANA,10/3/1971,M,21/4/2016,21/4/2026,ROMA
MENAPACE,FRANCO OSVALDO,ITALIANA,24/2/1924,M,8/4/2022,8/4/2032,MONOPOLI
RABBIA,LUCIANO FLAV,ITALIANA,27/5/1990,M,7/9/2021,7/9/2031,BOLOGNA
CAOLA,VINCENZO SILVINO,ITALIANA,13/3/1918,M,17/2/2016,17/2/2026,CESENATICO
TOMMASO,BRUNO FILIPPO,ITALIANA,8/8/1922,M,12/8/2018,12/8/2028,ROMA
SALOMONE,RITA ROSARIA MICHELA,ITALIANA,11/2/1973,F,20/7/2022,20/7/2032,VIBO VALENTIA
DAZZO,FRANCO GILDO,ITALIANA,9/3/1925,M,28/12/2018,28/12/2028,GAMBETTOLA
DÏARTIBALE,CELESTINA,ITALIANA,8/11/1930,F,26/8/2023,26/8/2033,MILANO
CORAZZA,CALOGERO (LILLO),ITALIANA,2/5/1956,M,2/3/2019,2/3/2029,PISA
MON,VITTORIO MAR,ITALIANA,6/3/1900,M,26/5/2015,26/5/2025,FIRENZE
RABBIA,ERHARD ALOIS,ITALIANA,19/13/1953,M,25/3/2019,25/3/2029,PALERMO
PARACHINI,FERRETTI,ITALIANA,6/4/1968,M,7/3/2017,7/3/2027,PISA
SPADUZZI,DAVIDE GIANLUCA,ITALIANA,21/3/2009,M,12/11/2015,12/11/2025,NUORO
DEBALSI,CECERE AGATA,ITALIANA,28/1/1935,F,26/8/2017,26/8/2027,CAMPOBASSO
PEZZUTO,PIER ANGELO,ITALIANA,3/1/1957,M,21/6/2023,21/6/2033,CESENATICO
ZUZZI,ANTONELLO LORENZO,ITALIANA,11/9/1970,M,2/6/2016,2/6/2026,VENEZIA
LAZZERI,ANNUNCIO,ITALIANA,6/10/1951,M,20/11/2023,20/11/2033,POGGIO RENATICO
QUOTROCHI,MAURIZIO MARTINO,ITALIANA,20/7/1987,M,14/4/2020,14/4/2030,MILANO
BAZZONI,IOLANDA IN PACI,ITALIANA,19/12/1976,F,13/13/2020,13/13/2030,ROMA
UBALDI,FORTUNELLO,ITALIANA,22/12/1945,M,20/7/2016,20/7/2026,BARI
TOBA,LORENZO RAFFAELE,ITALIANA,24/12/2001,M,18/6/2018,18/6/2028,VERCELLI
BARRACO,BIANCA ZENA,ITALIANA,28/5/2010,F,1/9/2017,1/9/2027,FIRENZE
MEZZULLO,ROSARIO SABATINO,ITALIANA,24/9/1944,M,5/11/2019,5/11/2029,PALERMO
BEASISO,CARMELO BENI,ITALIANA,7/10/1982,M,7/11/2023,7/11/2033,NAPOLI
AZZONI,LUISA GIANNA,ITALIANA,20/9/1993,F,10/7/2019,10/7/2029,GENOVA
DEBALSI,FAVORINO,ITALIANA,24/1/1959,M,4/8/2020,4/8/2030,GENOVA
OZELLO,LUCAPAOLO,ITALIANA,24/6/2004,M,11/12/2017,11/12/2027,BOLZANO
RUZZOLINI,WOLFRAM OTTO,ITALIANA,6/3/1963,M,24/5/2018,24/5/2028,GENOVA
FIZZAROTTI,MARIO ENIO SERGIO,ITALIANA,1/6/1909,M,22/7/2015,22/7/2025,BOLOGNA
CHYURLIA,GEMMA GIUSEPPINA,ITALIANA,25/8/1959,F,17/7/2021,17/7/2031,CESENATICO
FLAIM,ANTONIETTA ADRIANA,ITALIANA,24/1/1936,F,20/1/2022,20/1/2032,FIRENZE
DIAZONI,DULIO,ITALIANA,23/11/1989,M,15/7/2015,15/7/2025,MILANO MARITTIMA
BARRACO,SELINA,ITALIANA,22/3/1996,F,11/3/2021,11/3/2031,VIBO VALENTIA
FIZZAROTTI,ROSARIA CARMELA,ITALIANA,23/1/2000,F,15/7/2020,15/7/2030,BARI
PIVA,CARLO PEPPINO,ITALIANA,23/2/1956,M,26/5/2019,26/5/2029,VIBO VALENTIA
CLIVIO,ATTILIO GIUSEPPE,ITALIANA,26/9/1924,M,10/11/2018,10/11/2028,NUORO
FRANCH,ITALO RAFFAELE,ITALIANA,20/5/1929,M,8/7/2020,8/7/2030,PISA
CAOLA,SANTO GAETANO,ITALIANA,20/7/1987,M,22/7/2017,22/7/2027,POGGIO RENATICO
CUZZUPOLI,ANTONIO LUCA,ITALIANA,1/1/1909,M,8/4/2016,8/4/2026,ROMA
RUZZOLINI,LUCA GIOVANNI ATTILIO,ITALIANA,27/8/1944,M,26/2/2023,26/2/2033,ROMA
ACCARINI,MARIA MONICA,ITALIANA,3/10/1932,F,25/10/2017,25/10/2027,CESENATICO
SALOMONE,MITORE,ITALIANA,4/5/2009,M,13/10/2023,13/10/2033,MILANO
DIAZONI,AMALFI,ITALIANA,22/6/1922,M,11/7/2020,11/7/2030,TORINO
MON,ROMANO LUCIANO,ITALIANA,22/12/1945,M,7/2/2021,7/2/2031,CAGLIARI
SPAGNOL,ANDREA PASQUALE,ITALIANA,24/6/1966,M,17/13/2023,17/13/2033,TERAMO
PARACHINI,VITO DETTO DIEGO,ITALIANA,10/3/1980,M,15/10/2019,15/10/2029,BOLZANO
CORAZZA,ALFERIO,ITALIANA,3/11/1970,M,10/2/2020,10/2/2030,GENOVA
MANACAPELLI,ANICETO MARIO,ITALIANA,2/12/2003,M,3/7/2016,3/7/2026,TORINO
CANZUTTI,MICHELE COSIMO,ITALIANA,14/7/1951,M,22/7/2018,22/7/2028,PALERMO
VACANTI,ROSARIO F.,ITALIANA,27/6/1953,M,17/12/2016,17/12/2026,ROMA
SALVATORE,GIUSEPPE ERNESTO,ITALIANA,23/10/1956,M,27/1/2023,27/1/2033,BARI
EAFOLLA,CARLO FERDINANDO,ITALIANA,2/5/1906,M,4/4/2023,4/4/2033,CESENATICO
DEBALSI,SANTE GRAZIANO,ITALIANA,21/3/1902,M,10/8/2016,10/8/2026,VERCELLI
CLIVIO,ANGELA MARILENA,ITALIANA,9/8/1940,F,25/10/2018,25/10/2028,FIRENZE
SPADUZZI,SILVIO ALBERTO,ITALIANA,11/2/1950,M,16/7/2019,16/7/2029,PALERMO
AZZONI,FRANCA VANDA,ITALIANA,18/13/1967,F,13/8/2021,13/8/2031,GENOVA
MIALE,VALERIO ANGELO,ITALIANA,22/1/1976,M,28/2/2018,28/2/2028,FIRENZE
CAOLA,EGO,ITALIANA,27/3/1900,M,1/6/2022,1/6/2032,POGGIO RENATICO
RIZZUTTO,AMTONIO MARIA,ITALIANA,25/1/1900,M,4/8/2016,4/8/2026,POGGIO RENATICO
NABOT,SANTO DAVIDE MATTEO,ITALIANA,13/8/1942,M,17/6/2018,17/6/2028,TRENTO
MIALE,LUZ ELENA,ITALIANA,14/6/1931,F,1/13/2016,1/13/2026,PISA
TABACCHI,ERNANI,ITALIANA,8/5/1989,M,12/1/2021,12/1/2031,TORINO
DEAUGUSTINO,ODORICO,ITALIANA,18/4/1981,M,16/10/2019,16/10/2029,BOLZANO
AMUZZINI,MARIA DONATE,ITALIANA,10/6/1927,F,5/4/2022,5/4/2032,MILANO
RAUZI,LUIGI ARNALDO,ITALIANA,24/5/1967,M,25/7/2023,25/7/2033,BOLZANO
STEFANO,GIORGIO GIUS,ITALIANA,25/13/1920,M,14/9/2015,14/9/2025,VENEZIA
QUOTROCHI,UMBERTO MARCO,ITALIANA,14/12/1987,M,4/4/2018,4/4/2028,ROMA
TOMMASO,ENNORE,ITALIANA,19/8/1919,M,13/3/2023,13/3/2033,CESENATICO
FRANCH,GIOVANNI ITALO,ITALIANA,21/5/1963,M,27/1/2022,27/1/2032,CESENATICO
MARZUTTINI,PAOLO FRANCO,ITALIANA,3/11/1946,M,6/12/2019,6/12/2029,TRENTO
SALOMONE,GIORGIO DOMENICO,ITALIANA,11/3/1960,M,18/6/2018,18/6/2028,GAMBETTOLA
GHOISIO,MARIA MADDAL,ITALIANA,8/12/2009,F,10/13/2016,10/13/2026,ROMA
RAUZI,GIOVANNI ALFIO,ITALIANA,19/8/1933,M,6/4/2017,6/4/2027,FIRENZE
PIUNTI,GIACOMO ANDREA,ITALIANA,13/1/1930,M,1/6/2023,1/6/2033,MONOPOLI
RABBIA,PIERO CESARE,ITALIANA,19/10/1962,M,8/5/2015,8/5/2025,PALERMO
CANZUTTI,EDOARDO MARCO,ITALIANA,3/8/1960,M,12/9/2021,12/9/2031,BOLOGNA
TOMMASO,LORENZA PATRIZIA,ITALIANA,5/13/1966,F,23/10/2023,23/10/2033,PISA
TOBA,BEATINO,ITALIANA,10/5/1996,M,20/6/2015,20/6/2025,VERCELLI
SHUSETTE,GIAMPROSPERO,ITALIANA,20/2/1934,M,3/6/2015,3/6/2025,BOLOGNA
OZELLO,DAVIDE ORAZIO,ITALIANA,21/12/1937,M,20/10/2019,20/10/2029,GAMBETTOLA
MEZZULLO,NADIA TERESA,ITALIANA,3/10/2001,F,21/5/2022,21/5/2032,MILANO
CASCINO,GUIDO GIORGIO,ITALIANA,15/4/1936,M,3/5/2020,3/5/2030,POGGIO RENATICO
DAZZO,STEFANIA CHIARA,ITALIANA,8/2/2003,F,2/10/2020,2/10/2030,PISA
CUZZUPOLI,SILVINO LEONARDO,ITALIANA,12/4/1967,M,4/8/2022,4/8/2032,TORINO
DAZZO,GIUSEPPINA LUIGIA,ITALIANA,4/10/1984,F,25/13/2023,25/13/2033,PISA
OZELLO,MAURO LAURO,ITALIANA,16/6/1975,M,7/10/2016,7/10/2026,CESENATICO
RIZZI,MARCO VINCENZO,ITALIANA,23/3/1980,M,11/13/2017,11/13/2027,MILANO MARITTIMA
MARETTO,ANNA MARIA GARRE',ITALIANA,26/2/1913,F,1/3/2018,1/3/2028,BARI
BARRACO,STEFANO RUGGERO,ITALIANA,3/9/1913,M,16/4/2018,16/4/2028,PALERMO
FLAIM,GRACCO VITTO,ITALIANA,24/11/1950,M,4/12/2018,4/12/2028,BARI
DIBACCO,ALVASIO,ITALIANA,2/8/2007,M,2/6/2020,2/6/2030,CESENATICO
VALENTINO,ANGELA DOR,ITALIANA,6/9/1960,F,28/6/2015,28/6/2025,GENOVA
STEFANO,MARIO FLAVIO,ITALIANA,7/9/1903,M,17/2/2023,17/2/2033,MILANO
MON,FRANCESCOPAOLO,ITALIANA,8/3/1904,M,4/6/2015,4/6/2025,CAGLIARI
TABBANO,GIUSEPPE GIOVANNI MARIA,ITALIANA,2/11/1975,M,25/7/2023,25/7/2033,FIRENZE
PIVA,GIACINTO PAOLO,ITALIANA,9/2/1981,M,14/3/2019,14/3/2029,NUORO
DEON,ERNESTO ANTONIO,ITALIANA,2/13/1983,M,13/8/2021,13/8/2031,BOLOGNA
DALFOVO,NOEL SALVATORE,ITALIANA,4/12/1946,M,27/1/2019,27/1/2029,MILANO MARITTIMA
DOCCHIO,BACHISIO ANTONIO,ITALIANA,12/9/1988,M,10/1/2015,10/1/2025,TRENTO
FRANCH,GIUSEPPE VENANZIO,ITALIANA,25/2/1938,M,7/8/2021,7/8/2031,TORINO
DEAUGUSTINO,GIACOMO GIULIO,ITALIANA,9/7/1992,M,15/11/2018,15/11/2028,MILANO MARITTIMA
SALOMONE,EVANDRO,ITALIANA,18/12/1947,M,21/9/2023,21/9/2033,FIRENZE
FARRUGGIA,FERRUCCIO PRIMO,ITALIANA,28/10/1969,M,6/7/2018,6/7/2028,TORINO
RIZZI,EVANDRIO,ITALIANA,8/4/1983,M,7/7/2016,7/7/2026,NAPOLI
QUADAGNO,ALESSIA MARIA,ITALIANA,6/9/1941,F,16/9/2019,16/9/2029,ROMA
LLONGO,ALISIO,ITALIANA,9/7/1995,M,17/2/2023,17/2/2033,MILANO
DEAUGUSTINO,MARCELLO EDOARDO,ITALIANA,9/4/1905,M,5/4/2017,5/4/2027,BARI
PIETRO,GIANFABIO,ITALIANA,16/7/1952,M,24/2/2021,24/2/2031,NUORO
SPAGNOL,RAFFAELE MARTINO,ITALIANA,19/12/1990,M,6/4/2016,6/4/2026,GAMBETTOLA
MON,CALISTO LUCA,ITALIANA,25/9/1937,M,22/7/2020,22/7/2030,VERCELLI
BARRACO,GELSI,ITALIANA,11/1/1994,M,19/11/2016,19/11/2026,MILANO MARITTIMA
BABBINI,TINDARO ALEX,ITALIANA,16/8/2010,M,21/12/2016,21/12/2026,PALERMO
GUZZON,GIUSEPPE BERNARDINO,ITALIANA,20/12/1902,M,4/5/2022,4/5/2032,VENEZIA
GUZZON,ENRICO ALFIO,ITALIANA,16/11/1903,M,26/3/2018,26/3/2028,VERCELLI
ROSSI,EGILIO,ITALIANA,9/7/1991,M,16/5/2018,16/5/2028,GAMBETTOLA
BEASISO,OLA,ITALIANA,7/2/1945,F,4/4/2018,4/4/2028,MONOPOLI
VASALLO,IVO BRUNO,ITALIANA,19/3/1979,M,1/10/2016,1/10/2026,TRENTO
PIETRO,MARIA TERESA ANGELA,ITALIANA,24/5/1985,F,2/7/2023,2/7/2033,CESENATICO
BARRACO,DARIO ADELMO,ITALIANA,24/11/1973,M,16/2/2018,16/2/2028,PALERMO
GIZZONIO,MARKUS PAULUS,ITALIANA,27/11/1932,M,7/12/2023,7/12/2033,CAMPOBASSO
DEPALMA,VALENTINO ABBONDIO,ITALIANA,10/5/2000,M,11/13/2017,11/13/2027,MILANO
LLONGO,ANTONIO IGINO,ITALIANA,25/1/1947,M,6/5/2023,6/5/2033,CAGLIARI
PREZZI,PASQUALE SANTO,ITALIANA,7/13/1947,M,22/12/2018,22/12/2028,MILANO
QUADAGNO,TERESA ANGELA,ITALIANA,14/5/1983,F,4/5/2019,4/5/2029,PALERMO
RUZZOLINI,PIERSILVIO,ITALIANA,26/2/1954,M,27/13/2018,27/13/2028,PALERMO
DAZZO,CORDIANO,ITALIANA,15/8/2002,M,19/5/2017,19/5/2027,TRENTO
FRANCH,JAN,ITALIANA,15/12/1945,M,10/8/2017,10/8/2027,ROMA
BARRACO,MARIO GRAZIA,ITALIANA,26/2/1937,M,18/13/2020,18/13/2030,MILANO MARITTIMA
GUZZON,MANUEL NICOLA,ITALIANA,19/3/1990,M,16/1/2022,16/1/2032,TORINO
GUZZON,RAFFAELE ROSARIO,ITALIANA,13/6/1943,M,19/3/2021,19/3/2031,VIBO VALENTIA
ALFANO,NEO,ITALIANA,2/10/2002,M,10/11/2019,10/11/2029,BOLZANO
COPPOLINO,DOMENICO P,ITALIANA,5/6/1951,M,25/13/2020,25/13/2030,CAGLIARI
MARGAGLIANO,DOMENICO GIROLAMO,ITALIANA,27/8/1956,M,25/2/2021,25/2/2031,MONOPOLI
AMUZZINI,GEBHARD,ITALIANA,25/13/2005,M,4/10/2021,4/10/2031,MONOPOLI
MARGAGLIANO,FRIDOLIN,ITALIANA,3/4/2010,M,5/5/2015,5/5/2025,MONOPOLI
AMUZZINI,YARI,ITALIANA,23/7/1975,M,26/6/2021,26/6/2031,NUORO
SPAGNOL,LUIGI EMBERTO,ITALIANA,22/2/1986,M,22/11/2022,22/11/2032,TRENTO
FARRUGGIA,DONATO ATTILIO,ITALIANA,6/1/1989,M,7/10/2016,7/10/2026,CESENATICO
CASCINO,GIULIANO VITO GIUSEPPE,ITALIANA,18/9/1902,M,7/8/2016,7/8/2026,CAGLIARI
PEZZUTO,AGIDE,ITALIANA,14/3/1942,M,11/1/2016,11/1/2026,NAPOLI
MARZUTTINI,GUIDO COSTANTINO,ITALIANA,26/3/1940,M,18/8/2017,18/8/2027,FIRENZE
STEFANO,ELCI,ITALIANA,15/12/1945,M,4/13/2023,4/13/2033,FIRENZE
MARGAGLIANO,ROMEO BENITO,ITALIANA,23/12/1903,M,4/4/2018,4/4/2028,VERCELLI
MANACAPELLI,CARLA FRANCA,ITALIANA,24/7/1932,F,9/3/2016,9/3/2026,MILANO
CUZZUPOLI,BALDINO,ITALIANA,25/6/1924,M,27/13/2018,27/13/2028,CESENATICO
FARRUGGIA,FILIPPO FILIBERTO,ITALIANA,22/1/1916,M,28/12/2018,28/12/2028,CESENATICO
ABALSAMO,FILIPPO BARBARO,ITALIANA,12/13/1952,M,16/5/2015,16/5/2025,PALERMO
MEZZULLO,CARMELO SALVATORE,ITALIANA,2/5/1926,M,7/7/2016,7/7/2026,GAMBETTOLA
VALENTINI,ANTONIO FABIANO,ITALIANA,28/4/1982,M,23/1/2021,23/1/2031,VENEZIA
MOMBELLO,DOMENICO P.,ITALIANA,28/3/1927,M,24/2/2022,24/2/2032,VERCELLI
MON,ILARIO GIULIANO,ITALIANA,6/6/1983,M,2/10/2015,2/10/2025,TORINO
RABBIA,BUCARELLI,ITALIANA,21/7/1961,F,26/1/2021,26/1/2031,CAGLIARI
MARZUTTINI,BERNARDINA,ITALIANA,5/3/2002,M,12/6/2023,12/6/2033,POGGIO RENATICO
LLONGO,TIZIANA ROSINA,ITALIANA,19/3/1979,F,25/9/2015,25/9/2025,CESENATICO
MARGAGLIANO,GIACOMO RENZO,ITALIANA,11/13/1937,M,16/8/2015,16/8/2025,FIRENZE
MON,GIOVANNA MILVIA,ITALIANA,23/4/1904,F,7/4/2015,7/4/2025,BOLZANO
VACANTI,PASQUALE MATTIA,ITALIANA,16/13/1934,M,25/11/2018,25/11/2028,BARI
MARETTO,PASQUALE DOMENICO,ITALIANA,8/7/1903,M,6/4/2022,6/4/2032,BARI
MARZUTTINI,AGOSTINO LUCA,ITALIANA,1/5/1981,M,14/2/2022,14/2/2032,CAMPOBASSO
MARZUTTINI,KAROL,ITALIANA,8/2/1984,F,10/6/2021,10/6/2031,NUORO
DIAZONI,GIANNI ALESSANDRO,ITALIANA,11/1/1954,M,22/10/2018,22/10/2028,POGGIO RENATICO
QUADAGNO,ABDERRAHMANE,ITALIANA,14/1/1905,M,10/1/2019,10/1/2029,CAGLIARI
RABBIA,TULIO ALBERTO,ITALIANA,9/9/1924,M,23/8/2022,23/8/2032,BOLZANO
MIALE,CHIGLIANO,ITALIANA,5/10/1992,M,23/7/2019,23/7/2029,MONOPOLI
ACCARINI,LORENZA,ITALIANA,21/3/1913,M,6/7/2022,6/7/2032,VENEZIA
VEZZOSI,DONATO MASSIMILIANO,ITALIANA,26/4/1989,M,27/11/2020,27/11/2030,TORINO
RABBIA,GIUSEPPE AGATINO,ITALIANA,5/12/1985,M,1/10/2017,1/10/2027,PALERMO
GHOISIO,FILOMARINO,ITALIANA,25/12/1992,M,9/1/2015,9/1/2025,GAMBETTOLA
FAZZOLARI,SECONDO,ITALIANA,27/5/1929,M,4/3/2017,4/3/2027,ROMA
DÏARTIBALE,ANGELA RITA,ITALIANA,7/5/1955,F,15/13/2020,15/13/2030,CAMPOBASSO
DIBACCO,NADIA TERESA,ITALIANA,20/6/1966,F,5/2/2017,5/2/2027,GENOVA
DIBACCO,MARIA LAURA DETTA LA,ITALIANA,14/10/1970,F,25/3/2022,25/3/2032,BOLZANO
RIZZI,LUDMILA,ITALIANA,16/12/1999,F,16/13/2018,16/13/2028,NAPOLI
MENAPACE,MARIA IGNAZIA,ITALIANA,8/13/1968,F,2/4/2015,2/4/2025,VENEZIA
ABALSAMO,ALFONSO ANTONINO FILIPPO,ITALIANA,13/8/1946,M,2/6/2016,2/6/2026,VENEZIA
DÏARTIBALE,FERRUCCIO G.,ITALIANA,4/12/1909,M,6/13/2018,6/13/2028,GAMBETTOLA
AZZONI,ANGELO ROCCO CARMELO,ITALIANA,6/6/1941,M,4/7/2016,4/7/2026,PALERMO
PUZZUOLI,MARIO LUCIANO,ITALIANA,16/9/1909,M,27/1/2020,27/1/2030,VIBO VALENTIA
TYLER,GERVAIS,ITALIANA,10/4/1998,M,26/8/2021,26/8/2031,CESENATICO
RUSSO,IVANA CARLA,ITALIANA,28/10/1951,F,23/7/2020,23/7/2030,BARI
WAGER,DANUBIO,ITALIANA,5/11/1938,M,22/8/2019,22/8/2029,VERCELLI
SYRACUSE,GAETANO SANTO,ITALIANA,26/6/1948,M,3/10/2023,3/10/2033,BOLZANO
PIVA,SIMONE ANGELO,ITALIANA,5/11/1969,M,12/2/2016,12/2/2026,TRENTO
DOCCHIO,FRANCESCO S.,ITALIANA,17/3/1953,M,1/5/2020,1/5/2030,GAMBETTOLA
ANA,ISENA,ITALIANA,20/10/1936,F,27/7/2021,27/7/2031,TERAMO
CASCINO,SANDRO ANTONIO,ITALIANA,22/6/1933,M,13/12/2015,13/12/2025,BARI
CLIVIO,POMPILIO VINCENZO,ITALIANA,5/5/1945,M,2/1/2020,2/1/2030,VENEZIA
STEFANO,OLINTO,ITALIANA,21/11/2003,M,25/2/2021,25/2/2031,GAMBETTOLA
FRANCH,MARLEN,ITALIANA,6/13/1922,F,24/7/2023,24/7/2033,BOLOGNA
MARGAGLIANO,EGISIO,ITALIANA,25/2/1999,M,2/6/2018,2/6/2028,MILANO MARITTIMA
UZZI,BIAGIO LUCA,ITALIANA,8/3/1904,M,6/12/2023,6/12/2033,FIRENZE
VIA,LORIS ANTONIO,ITALIANA,23/8/1975,M,16/7/2021,16/7/2031,PISA
DEBALSI,CESARE PIETRO,ITALIANA,23/2/1986,M,28/11/2023,28/11/2033,CAGLIARI
DIBACCO,FAUSTO LEUCIO,ITALIANA,27/5/1953,M,8/8/2017,8/8/2027,CAMPOBASSO
VIA,GIOVANNI LAZZARO,ITALIANA,8/13/1985,M,12/7/2017,12/7/2027,VENEZIA
SARA,FILANDRO,ITALIANA,26/4/1954,M,15/8/2021,15/8/2031,VENEZIA
CUZZUPOLI,AURELIANO,ITALIANA,5/1/1943,M,23/7/2023,23/7/2033,VENEZIA
CANZUTTI,ROSA LETIZIA,ITALIANA,26/12/1992,F,28/6/2022,28/6/2032,BARI
RIZZUTTO,GIORGINA,ITALIANA,22/12/1919,F,27/3/2018,27/3/2028,BOLZANO
DIBACCO,GIORGIO GIULIO,ITALIANA,5/2/2010,M,15/1/2018,15/1/2028,TERAMO
BABBINI,CARLOPPE,ITALIANA,20/8/2001,M,5/3/2021,5/3/2031,GENOVA
GIZZONIO,LEUCIO ANTON,ITALIANA,27/12/1907,M,16/8/2021,16/8/2031,TORINO
SHUSETTE,SERAFIN HEINRICH,ITALIANA,17/2/1987,M,21/6/2023,21/6/2033,CAGLIARI
CAOLA,PIER LUIGI DELFINO,ITALIANA,20/9/1934,M,7/10/2019,7/10/2029,VIBO VALENTIA
MUSARRA,HENDRIK,ITALIANA,24/2/1962,M,23/8/2022,23/8/2032,CAGLIARI
LOZZI,AURORA,ITALIANA,11/9/1968,F,8/13/2019,8/13/2029,POGGIO RENATICO
CASCINO,GIANCARLO GIOACHINO,ITALIANA,6/9/1945,M,9/10/2020,9/10/2030,POGGIO RENATICO
CORAZZA,REMO ANTONIO,ITALIANA,8/1/2001,M,18/2/2019,18/2/2029,TORINO
QUADAGNO,WALTER DIOMEDE,ITALIANA,13/12/1963,M,16/2/2019,16/2/2029,MILANO
RUZZOLINI,ERRICO GIUSEPPE,ITALIANA,24/7/1927,M,13/3/2022,13/3/2032,VIBO VALENTIA
MUZZUPAPPA,OMBRETTA MARIA CRISTINA,ITALIANA,5/2/1954,F,5/4/2022,5/4/2032,GENOVA
SAPUTO,GIUSEPPE FABRIZIO,ITALIANA,26/4/2001,M,19/2/2018,19/2/2028,TRENTO
FLAIM,PIERO FRANCO RODOLFO,ITALIANA,5/11/1906,M,12/8/2018,12/8/2028,MILANO
QUOTROCHI,DUINIO,ITALIANA,5/13/1926,M,13/3/2017,13/3/2027,TORINO
PINAMONTI,MARIA MATILDE,ITALIANA,4/9/1974,F,20/12/2022,20/12/2032,FIRENZE
BEASISO,CLAUDIO BRUNO,ITALIANA,24/6/1997,M,5/11/2020,5/11/2030,GENOVA
PUZZUOLI,ORAZIO MASSIMILIANO,ITALIANA,24/8/1951,M,27/4/2023,27/4/2033,MILANO
AYALA,IMMACOLATA IN DELLO IOIO,ITALIANA,19/12/1963,F,8/9/2023,8/9/2033,MILANO MARITTIMA
DOCCHIO,FRANCOMARIA,ITALIANA,10/2/1962,M,14/5/2019,14/5/2029,TORINO
VACANTI,SANITA' MARIA LUCIA,ITALIANA,13/7/1937,F,6/1/2020,6/1/2030,MILANO
PAPUCCI,GIAMBEPPE,ITALIANA,5/13/2002,M,24/2/2017,24/2/2027,BOLOGNA
LUALDI,LUCIANO AGOS,ITALIANA,19/4/2000,M,25/6/2015,25/6/2025,FIRENZE
BOZZUFFI,MARTINO SANTE,ITALIANA,5/8/1992,M,15/6/2019,15/6/2029,MILANO
MANACAPELLI,SALMINO,ITALIANA,25/12/1955,M,26/8/2021,26/8/2031,PALERMO
TOMMASO,ADORINO,ITALIANA,15/9/2009,M,9/13/2019,9/13/2029,BARI
ZUZZI,MARINA IVANA,ITALIANA,10/5/1908,F,11/5/2020,11/5/2030,VERCELLI
MAZZURCO,UMBERTO PIO,ITALIANA,27/11/2008,M,16/11/2023,16/11/2033,FIRENZE
DIBACCO,ELISABETA,ITALIANA,7/12/1919,F,24/3/2022,24/3/2032,GAMBETTOLA
RABBIA,ENZO ARISTIDE,ITALIANA,26/3/1939,M,21/1/2017,21/1/2027,GAMBETTOLA
DEPALMA,ANTONIO DONATO GIUSE,ITALIANA,24/3/1978,M,12/4/2017,12/4/2027,POGGIO RENATICO
EAFOLLA,RICCIOTTI,ITALIANA,4/1/1976,M,22/5/2022,22/5/2032,PISA
STEFANO,ENRICA GIOVANNA,ITALIANA,3/11/2001,F,7/6/2020,7/6/2030,ROMA
VASALLO,BRUNO OSCAR,ITALIANA,14/11/1936,M,26/6/2017,26/6/2027,NUORO
TOBA,LUCREZIA ORSOLA,ITALIANA,11/2/1973,F,25/8/2020,25/8/2030,GENOVA
SPAGNOL,WILLIAM MARIO,ITALIANA,19/7/1987,M,4/12/2021,4/12/2031,TERAMO
MARETTO,ROBERTO SANTO G,ITALIANA,2/13/1943,M,19/3/2015,19/3/2025,BARI
RUSSO,CLAUDIO LORENZO,ITALIANA,18/7/1924,M,18/9/2021,18/9/2031,FIRENZE
WAGER,ANDREUCCIO,ITALIANA,5/10/1926,M,13/9/2018,13/9/2028,POGGIO RENATICO
BAZZONI,NADINE,ITALIANA,25/2/1907,F,9/11/2017,9/11/2027,CAGLIARI
VIA,GAETANO LUIGI MARIA,ITALIANA,18/7/1963,M,19/12/2018,19/12/2028,PISA
VALENTINO,SERGIO GIAN CARLO,ITALIANA,14/1/2010,M,9/13/2020,9/13/2030,POGGIO RENATICO
NABOT,ERMELINDO,ITALIANA,11/3/1930,M,20/12/2023,20/12/2033,VERCELLI
FARRUGGIA,AUSANO,ITALIANA,26/1/1951,M,24/3/2022,24/3/2032,CAMPOBASSO
PAZZI,OTTORINO AGOSTINO,ITALIANA,2/3/1980,M,28/8/2015,28/8/2025,ROMA
MAMPRIN,ANTONIO CIRO,ITALIANA,21/12/1937,M,11/6/2021,11/6/2031,POGGIO RENATICO
UBALDI,CARMINE LEOPOLDO,ITALIANA,26/4/2004,M,24/13/2020,24/13/2030,BARI
MAZZURCO,HANSEL NICOLA,ITALIANA,28/2/1966,M,1/11/2023,1/11/2033,GAMBETTOLA
DOCCHIO,CARMINE MARIO,ITALIANA,6/2/1952,M,27/7/2017,27/7/2027,TRENTO
AZZONI,GIROLIMA,ITALIANA,13/3/1918,F,24/6/2015,24/6/2025,VERCELLI
DEON,MARIO ANGELICO,ITALIANA,20/6/1923,M,18/3/2020,18/3/2030,VIBO VALENTIA
PIVA,FRIEDRICH PETER,ITALIANA,16/9/1907,M,15/13/2020,15/13/2030,GAMBETTOLA
PHILIP,NELLO FRANCESCO,ITALIANA,24/4/1911,M,24/8/2015,24/8/2025,GENOVA
VACANTI,LUZ ELENA,ITALIANA,13/3/1954,F,27/4/2016,27/4/2026,MILANO MARITTIMA
OZELLO,IVANO CARMINE,ITALIANA,20/7/1947,M,19/1/2019,19/1/2029,VIBO VALENTIA
VALENTINO,AMBROGIO BENEDETTO,ITALIANA,25/2/1933,M,15/7/2015,15/7/2025,TERAMO
PEZZUTO,PIERGIULIANA,ITALIANA,28/3/1960,F,28/10/2020,28/10/2030,GAMBETTOLA
PEZZUTO,LINDORO,ITALIANA,28/12/1953,M,16/9/2023,16/9/2033,TRENTO
MARZUTTINI,ENRICO ALFONSO,ITALIANA,3/4/1920,M,7/3/2021,7/3/2031,VIBO VALENTIA
TOBA,LUCIA LORENZA,ITALIANA,24/11/1957,F,5/11/2019,5/11/2029,TORINO
BARRACO,EMILIA MICHELA ENZA,ITALIANA,3/4/1956,F,26/10/2022,26/10/2032,TORINO
BEASISO,MARIO ANIELLO,ITALIANA,2/11/1993,M,2/10/2022,2/10/2032,MILANO MARITTIMA
PARACHINI,GABRIELLE,ITALIANA,18/7/1993,F,6/2/2021,6/2/2031,BOLOGNA
ACCARINI,MARINA FRANCESCA,ITALIANA,28/6/1988,F,21/2/2015,21/2/2025,PALERMO
FIZZAROTTI,ENZO MILCO,ITALIANA,22/12/1948,M,4/7/2016,4/7/2026,BOLOGNA
PUZZUOLI,ANTONIO GILBERTO,ITALIANA,13/7/1945,M,2/6/2017,2/6/2027,PALERMO
SAPUTO,PALMIRO,ITALIANA,17/9/1988,M,24/12/2016,24/12/2026,VENEZIA
DAZZO,NEOFER,ITALIANA,3/8/1922,M,22/10/2017,22/10/2027,TRENTO
PAPUCCI,MARIA COLOMBINA,ITALIANA,7/13/1917,F,4/1/2018,4/1/2028,ROMA
BUZZURRO,LUIGINA M,ITALIANA,2/5/1999,F,20/13/2018,20/13/2028,CAGLIARI
TABBANO,FLAVIO PALMINO,ITALIANA,20/5/2005,M,14/7/2020,14/7/2030,GAMBETTOLA
SHUSETTE,GERARDO PASQUALE,ITALIANA,21/13/1936,M,5/12/2023,5/12/2033,VIBO VALENTIA
VUSTE,GUERINA,ITALIANA,22/5/1906,F,24/4/2017,24/4/2027,MILANO
AYALA,ALESSIO DENIS,ITALIANA,22/10/1971,M,26/8/2015,26/8/2025,CAMPOBASSO
UBALDI,VENERINO,ITALIANA,23/10/1940,M,9/4/2020,9/4/2030,PALERMO
GUZZON,ARMANDO TOMMASO,ITALIANA,15/12/1978,M,25/10/2022,25/10/2032,NAPOLI
CLIVIO,SILVANA PIERANGELA,ITALIANA,6/3/1900,F,5/9/2015,5/9/2025,FIRENZE
MAZZURCO,GIANCARLO ROMANO,ITALIANA,11/4/1968,M,5/9/2016,5/9/2026,VERCELLI
LAZZERI,UGO CLAUDIO,ITALIANA,3/8/1953,M,4/11/2017,4/11/2027,CAMPOBASSO
DIAZONI,QUINTIMA,ITALIANA,22/13/1900,F,27/7/2023,27/7/2033,VENEZIA
RABBIA,MARIO AUSILI,ITALIANA,17/9/1954,M,11/13/2016,11/13/2026,VERCELLI
TIZOT,VINCENZO ORESTE,ITALIANA,26/8/1979,M,28/7/2016,28/7/2026,BOLZANO
VIA,PAOLA AGNESE,ITALIANA,17/8/1954,F,14/9/2021,14/9/2031,CAGLIARI
CARZOLA,GIAN TOMASO FRANCO,ITALIANA,28/5/1943,M,1/3/2019,1/3/2029,PALERMO
CAZZULINO,FABRIZIO RICCARDO,ITALIANA,21/5/1935,M,23/7/2022,23/7/2032,VIBO VALENTIA
SAPUTO,MARIA RINA,ITALIANA,5/11/1939,F,6/7/2023,6/7/2033,BOLOGNA
LAZZERI,LUIGI FILIPPO VITTO,ITALIANA,21/2/1952,M,20/7/2015,20/7/2025,NAPOLI
PEZZUTO,ENRICO MODESTO,ITALIANA,2/7/1930,M,13/9/2018,13/9/2028,NAPOLI
ZUZZI,IVANO PAOLO GIUSEPPE,ITALIANA,24/3/1978,M,6/8/2017,6/8/2027,NAPOLI
MON,VERONICA PATRIZIA,ITALIANA,28/11/1930,F,25/3/2019,25/3/2029,VENEZIA
BRACA,RAFFAELE ANTONUCCIO,ITALIANA,26/11/1924,M,23/5/2017,23/5/2027,MONOPOLI
VALENTINI,MARISA SANTA,ITALIANA,25/9/1942,F,24/9/2016,24/9/2026,PISA
AYALA,FRANCO EDOARDO,ITALIANA,13/10/1902,M,6/4/2016,6/4/2026,VENEZIA
BEZZO,BELLINO,ITALIANA,27/13/1918,M,14/10/2019,14/10/2029,MONOPOLI
RABBIA,MARIA CARMINE,ITALIANA,24/11/1989,M,12/11/2021,12/11/2031,TRENTO
PAZZI,LUIGI DETTO GINO,ITALIANA,2/3/1977,M,27/9/2015,27/9/2025,PISA
SPADUZZI,SAVERIO GERARDO,ITALIANA,26/5/1938,M,23/9/2023,23/9/2033,NAPOLI
TIZOT,ASLAN DOMENICO,ITALIANA,10/12/2006,M,3/10/2015,3/10/2025,BARI
GUZZON,CARMELO ANTONIO,ITALIANA,18/1/2009,M,6/6/2015,6/6/2025,CAGLIARI
MUZZUPAPPA,CLAUDIA VERA,ITALIANA,17/4/1967,F,19/5/2020,19/5/2030,BOLOGNA
CAZZULINO,LUCIANGELA,ITALIANA,14/13/1984,F,12/8/2021,12/8/2031,NUORO
RUSSO,ANDREA EMMANUELE,ITALIANA,8/5/1990,M,23/13/2019,23/13/2029,GAMBETTOLA
MON,RAINERO,ITALIANA,17/4/1942,M,18/2/2021,18/2/2031,TRENTO
VUSTE,VINCENZO ORESTE,ITALIANA,5/4/1901,M,16/8/2019,16/8/2029,BOLZANO
BABBINI,GIOVANNA SERENA,ITALIANA,18/9/1902,F,6/5/2019,6/5/2029,TORINO
FLAIM,ADAMO DOMENICO,ITALIANA,19/4/1945,M,25/10/2022,25/10/2032,VIBO VALENTIA
CANZUTTI,SERSE GIUSEPPE,ITALIANA,1/8/1905,M,10/1/2016,10/1/2026,PALERMO
FAZZOLARI,MANLIO DOMENICO,ITALIANA,9/9/1961,M,12/8/2022,12/8/2032,MILANO MARITTIMA
MARZUTTINI,ANTONIO MAURIZIO,ITALIANA,23/9/1946,M,10/7/2015,10/7/2025,BOLOGNA
PUZZUOLI,ENNIO FELICE PIETRO,ITALIANA,19/10/1993,M,21/8/2020,21/8/2030,TORINO
RAUZI,ANTONIO PIETRO PAOLO,ITALIANA,6/7/1923,M,6/13/2019,6/13/2029,PALERMO
MARZUTTINI,LIVIO FRANCO,ITALIANA,28/8/1967,M,22/6/2016,22/6/2026,POGGIO RENATICO
ZUZZI,DOMENICO ANI,ITALIANA,8/11/1949,M,9/2/2017,9/2/2027,NUORO
UBALDI,AGOSTINO ROBERTO,ITALIANA,6/11/1973,M,25/10/2017,25/10/2027,BOLZANO
ALFANO,REMUS,ITALIANA,11/7/1971,M,11/3/2017,11/3/2027,MILANO MARITTIMA
NABOT,MARCELLO GIU,ITALIANA,14/11/1910,M,20/10/2023,20/10/2033,MILANO
RABBIA,ROCCO ELIODORO,ITALIANA,7/2/1945,M,7/9/2021,7/9/2031,MONOPOLI
GUZZON,ITALO FILIPPO,ITALIANA,17/7/2007,M,5/5/2017,5/5/2027,ROMA
BOZZUFFI,VIERI,ITALIANA,12/10/2007,M,10/5/2018,10/5/2028,MILANO MARITTIMA
PINAMONTI,DIYE,ITALIANA,27/5/1949,F,4/1/2016,4/1/2026,CESENATICO
RABBIA,GIOVANNI RENATO,ITALIANA,20/5/1929,M,26/1/2023,26/1/2033,CAMPOBASSO
ALFANO,ROMANO LUCIANO,ITALIANA,24/5/1967,M,27/7/2015,27/7/2025,CESENATICO
PHILIP,VERA,ITALIANA,25/13/1915,F,13/4/2023,13/4/2033,VENEZIA
PAZZI,TIZIANO GIANMARCO,ITALIANA,20/7/2002,M,10/5/2021,10/5/2031,NUORO
SPAGNOL,ELIZABETH,ITALIANA,13/8/1962,F,19/13/2017,19/13/2027,PALERMO
CAZZULINO,PIER FAUSTO,ITALIANA,23/8/1978,M,20/13/2015,20/13/2025,TORINO
GUZZON,GIAN SANTO,ITALIANA,14/10/1980,M,13/10/2021,13/10/2031,VIBO VALENTIA
TIZOT,CLAUDIA ENRICA,ITALIANA,10/2/2006,F,14/5/2020,14/5/2030,VERCELLI
CEBRELLI,IRENE CATERINA,ITALIANA,23/9/2007,F,19/2/2019,19/2/2029,NUORO
CASCINO,BENIAMINO GIACOMO,ITALIANA,26/6/1904,M,7/9/2021,7/9/2031,CESENATICO
QUADAGNO,ALIDA RITA,ITALIANA,13/11/1947,F,16/4/2023,16/4/2033,MONOPOLI
OZELLO,RIZIANO,ITALIANA,12/10/1911,M,14/12/2022,14/12/2032,MONOPOLI
OZELLO,ALFIO DARIO,ITALIANA,26/11/1903,M,4/3/2018,4/3/2028,PISA
DÏARTIBALE,MARIAOIA,ITALIANA,19/3/1955,F,22/5/2022,22/5/2032,TRENTO
RABBIA,EZIO MARIANO,ITALIANA,6/11/1950,M,24/3/2022,24/3/2032,PISA
FIZZAROTTI,GIOVVI,ITALIANA,15/8/1961,M,16/9/2023,16/9/2033,VIBO VALENTIA
COPPOLINO,RAFFALELE,ITALIANA,5/10/1959,M,18/6/2018,18/6/2028,FIRENZE
LLONGO,GAETANO ARTURO,ITALIANA,19/6/1900,M,5/2/2017,5/2/2027,TORINO
RUZZOLINI,ORNELLA ROSSANA,ITALIANA,3/12/1937,F,14/11/2015,14/11/2025,BOLOGNA
MAMPRIN,FRANCESCO PAOLO ANTONIO,ITALIANA,16/8/1938,M,16/4/2015,16/4/2025,NAPOLI
DAZZO,ROSALIDA,ITALIANA,7/3/1987,F,7/11/2016,7/11/2026,TORINO
SHUSETTE,MARRICA VILLA,ITALIANA,3/3/1938,F,14/7/2020,14/7/2030,GAMBETTOLA
BARRACO,ELIGIO BIAGIO,ITALIANA,27/9/1901,M,10/7/2022,10/7/2032,VIBO VALENTIA
WAGER,ROSETTA LAURA,ITALIANA,3/12/1940,F,15/9/2023,15/9/2033,GENOVA
BERTAGNOLLI,HELGA ERIKA,ITALIANA,20/7/1928,F,20/4/2015,20/4/2025,PISA
PUZZUOLI,MARTINO ANTONIO,ITALIANA,1/7/1998,M,4/3/2020,4/3/2030,CESENATICO
MOMBELLO,AURELIO ONRIO,ITALIANA,16/6/2008,M,21/4/2017,21/4/2027,BARI
DÏARTIBALE,ELISEO CARLO,ITALIANA,1/11/1981,M,6/13/2016,6/13/2026,TRENTO
VALENTINO,ATTILIO CESARE,ITALIANA,13/9/1987,M,23/3/2018,23/3/2028,PISA
BUZZURRO,GIACOMA MARIA,ITALIANA,2/9/1988,F,6/4/2016,6/4/2026,GAMBETTOLA
CASCINO,ANGELA LORELLA,ITALIANA,23/13/1915,F,10/7/2017,10/7/2027,BOLZANO
GIZZONIO,EZIO AURELIO G,ITALIANA,23/6/2001,M,9/5/2020,9/5/2030,BARI
BABBINI,IAURES,ITALIANA,5/2/1954,M,23/3/2018,23/3/2028,VIBO VALENTIA
DEPALMA,TOMMASO FERRUCCIO,ITALIANA,27/5/1983,M,2/1/2015,2/1/2025,MILANO
SYRACUSE,RENATO LUCIANO,ITALIANA,13/7/1937,M,7/12/2023,7/12/2033,NAPOLI